Glycan_Composition	avg_pct_rel_abundance_Ti_IMAC_glycan	sd_pct_rel_abundance_Ti_IMAC_glycan	avg_pct_rel_abundance_PolyA_rep1_glycan	sd_pct_rel_abundance_PolyA_rep1_glycan	avg_pct_rel_abundance_PolyA_rep2_glycan	sd_pct_rel_abundance_PolyA_rep2_glycan
H(5)N(4)S(2)	34.5034666666667	1.19695372647957	43.5108333333333	1.95942375287566	37.7219666666667	0.650391223290516
H(5)N(4)S(1)	8.6117	0.359997097210519	8.10093333333333	0.44185071385405	7.2706	0.215976318146226
H(6)N(5)S(3)	7.86323333333333	0.346847694721088	9.45006666666667	0.737376839433768	14.9164333333333	0.398445157246683
H(4)N(4)F(1)	5.02866666666667	0.423993022741334	1.8655	0.08625004347825	0.0131666666666667	0.00349618840072061
H(5)N(4)S(1)F(1)	5.16173333333333	0.168717051104307	3.532	0.050542160618636	3.21726666666667	0.202691941954616
H(5)N(4)F(1)	4.35036666666667	0.581732621857614	2.95243333333333	0.105165314307206	0.600166666666667	0.0368088757412303
H(5)N(4)S(1)F(2)	3.3822	1.34918863395746	0.589666666666667	0.447604226223718	0.279066666666667	0.171989602398905
H(3)N(4)F(1)	1.96593333333333	0.175748238492832	0.0596	0.0182156526097749	0.000766666666666667	0.000208166599946613
H(5)N(4)S(2)F(1)	1.91913333333333	0.136153051134866	3.33936666666667	0.170909927544696	3.54546666666667	0.0871032337708155
H(6)N(5)S(2)	1.70576666666667	0.039950260741744	2.36976666666667	0.123547413300859	2.9262	0.358516736011026
H(9)N(2)	1.26746666666667	0.149280987849536	1.98066666666667	0.0436286985060675	2.70256666666667	0.262129840600671
H(6)N(5)S(3)F(1)	1.25363333333333	0.0932811520797922	4.544	0.0354509520323503	8.13633333333333	0.185209323019478
H(6)N(2)	1.08053333333333	0.194115463921176	0.0219	0.0108586371152185	0.0136	0.000519615242270664
H(5)N(4)F(2)	0.8613	0.469291817529349	0.105966666666667	0.101701589630317	0.0514	0.0232785308814796
H(4)N(4)S(1)F(1)	0.917533333333333	0.056575730957128	1.31836666666667	0.0700043093911605	0.125366666666667	0.0224018600418209
H(5)N(5)S(1)F(1)	0.832366666666667	0.179005819272261	0.7402	0.0958288056901473	1.38913333333333	0.0399815374058245
H(7)N(6)S(4)	0.870933333333333	0.0378451229794981	0.652	0.0728588361147775	1.09036666666667	0.0462063127000341
H(7)N(6)S(3)	0.6213	0.225963625391345	0.433433333333333	0.0528566299846418	1.2625	0.20246202112989
H(6)N(5)S(2)F(2)	0.4539	0.322724758889057	0.0446666666666667	0.00223681320930768	0.246066666666667	0.203744382335645
H(5)N(4)	0.5782	0.183080228315348	0.257033333333333	0.00686755657663869	0.145033333333333	0.0559633213214989
H(6)N(5)S(1)F(2)	0.446	0.296470251458726	0.0469333333333333	0.00655921743299712	0.0658666666666667	0.0215486271797842
H(3)N(3)F(1)	0.451266666666667	0.0384468897745102	0.1206	0.0081902380917773	0.0089	0.00393573373083089
H(6)N(4)S(1)	0.197666666666667	0.207356512637856	0.0813333333333333	0.0204912989664719	0.0478333333333333	0.00627800392906323
H(6)N(5)S(1)	0.3183	0.0694	0.702833333333333	0.0185457092971214	0.2138	0.0295196544695225
H(6)N(4)S(1)F(1)	0.168166666666667	0.189198476033327	0.0159333333333333	0.0138904043617648	0.224933333333333	0.0111266946274863
H(5)N(5)F(1)	0.371833333333333	0.0110663152554648	0.2819	0.0248372703814248	0.0583	0.026257760757536
H(4)N(3)F(1)	0.3316	0.0429382114205983	0.1879	0.00535630469633683	0.0522333333333333	0.00617440955341751
H(4)N(3)S(1)	0.295233333333333	0.0732333485055363	0.286366666666667	0.0343466640786749	0.522866666666667	0.155282849450071
H(4)N(4)	0.275666666666667	0.104586343914171	0.0224666666666667	0.000802080627701065	0.00253333333333333	0.00231156512634477
H(7)N(6)S(2)	0.244133333333333	0.0670534364021213	0.332833333333333	0.046947665898672	0.442433333333333	0.168451545951153
H(7)N(2)	0.197433333333333	0.0383001740640083	0.0951666666666667	0.00370720020140987	0.0197333333333333	0.0147703531891872
H(6)N(5)S(2)F(1)	0.1675	0.0573945119327623	0.570933333333333	0.0624789031060352	1.25223333333333	0.121718746844245
H(8)N(2)	0.1337	0.0681672208616429	0.349533333333333	0.00836440872586539	0.108466666666667	0.00712483917947159
H(4)N(3)	0.1343	0.0568960455567872	0.0589666666666667	0.020056004919558	0.0929333333333333	0.00228546129552292
H(7)N(6)S(4)F(1)	0.139233333333333	0.056188462635432	0.219533333333333	0.0385934364022347	0.611066666666667	0.0628826155096409
H(5)N(4)S(1)F(3)	0.130033333333333	0.0507202457933056	0.171633333333333	0.0906929067421115	0.0521666666666667	0.0239658785220432
H(5)N(3)S(1)	0.0878666666666667	0.063628164623328	0.3451	0.119153304612168	0.00163333333333333	5.77350269189625e-05
H(6)N(3)S(1)	0.133	0.0346277345490576	0.3855	0.0240806976643119	0.0194666666666667	0.00886923521693575
H(5)N(5)S(2)F(1)	0.127866666666667	0.0153010892858428	0.1005	0.0237682561413327	0.230033333333333	0.00420990894596704
H(4)N(3)S(1)F(1)	0.1156	0.0166303938618422	0.0822666666666667	0.00985410236060765	0.038	0.00445421149026402
H(6)N(5)S(2)F(3)	0.1108	0.0120950403058444	0.0366666666666667	0.0162641733061762	0.0401	0.0203472356844855
H(7)N(6)S(2)F(1)	0.0744333333333333	0.0469546944759875	0.1025	0.0295257514722318	0.2094	0.0809674008475016
H(4)N(4)S(1)	0.0983666666666667	0.0159863483426746	0.214	0.0343201107224321	0.00893333333333333	0.00023094010767585
H(7)N(6)S(3)F(2)	0.0549333333333333	0.0394118425518693	0.0583666666666667	0.016416252109825	0.218033333333333	0.195485992678077
H(5)N(5)S(1)	0.0573666666666667	0.0238137215347231	0.0794666666666667	0.00411865673895426	0.0734	0.0206487287744306
H(7)N(6)S(2)F(3)	0.0235	0.0323464062918897	0.0215333333333333	0.0172401662791672	0.00473333333333333	0.00386307304271267
H(4)N(5)S(1)F(1)	0.0464666666666667	0.00801581769586443	0.0899333333333333	0.00755932095715834	0.0665666666666667	0.00604758905129418
H(7)N(6)S(3)F(1)	0.0391	0.0104	0.2281	0.00533572862878164	0.5214	0.0609733548363545
H(6)N(5)S(1)F(1)	0.0417666666666667	0.00710093890505568	0.0929	0.0110489818535465	0.160266666666667	0.00913089991913904
H(5)N(3)S(1)F(1)	0.0437666666666667	0.00410162569395762	0.0418666666666667	0.00142243921955679	0.0168	0.00204205778566621
H(8)N(7)S(4)	0.0298	0.0165972889352448	0.0317666666666667	0.0132515407909169	0.0697333333333333	0.004366157731156
H(6)N(3)S(1)F(1)	0.0341	0.00957862203033401	0.0160333333333333	0.0105077748992512	0.0174	0.00871263450398328
H(8)N(7)S(1)	0.0236	0.0198743553354568	0.0108	0.0117234807118023	0.0206666666666667	0.0326855217693298
H(3)N(3)	0.0292666666666667	0.0107099642078456	0.012	0.00745050333870135	0.0184333333333333	0.00289885034683292
H(8)N(7)S(3)	0.0281666666666667	0.00545007645206316	0.0280333333333333	0.013701216491003	0.0740333333333333	0.00806494471979402
H(5)N(4)F(3)	0.012	0.0107949062061697	0.0211666666666667	0.00533510387277824	0.0187666666666667	0.0132666247905537
H(10)N(2)	0.0154333333333333	0.00953222604292058	0.0833333333333333	0.00576396854027964	0.1072	0.0106663020771025
H(6)N(4)S(2)	0.0163	0.00565066367783467	0.0337333333333333	0.0206243383732263	0.0266	0.00788225855957542
H(6)N(4)F(1)	0.0158666666666667	0.00235017729827631	0.0104333333333333	0.00486449723335653	0.0746666666666667	0.00385529938310027
H(7)N(6)S(1)	0.00933333333333333	0.00474271370982198	0.0560666666666667	0.0297399282671182	0.0982666666666667	0.00136137185711081
H(5)N(5)S(2)	0.00743333333333333	0.00460904907039764	0.0056	0.00204205778566621	0.0288	0.00185202591774521
H(8)N(7)S(1)F(1)	0.00776666666666667	0.00371662929727103	0.0173	0.00262868788561898	0.0425333333333333	0.0214126909409661
H(6)N(5)S(3)F(2)	0.00593333333333333	0.00366651514838454	0.156766666666667	0.016690216695218	0.332133333333333	0.046073998451766
H(4)N(5)S(1)	0.00623333333333333	0.00321299444962691	0.000466666666666667	0.000208166599946613	0.000533333333333333	0.000152752523165195
H(6)N(5)	0.00626666666666667	0.00251462389500564	0.00373333333333333	0.00176162803489651	0.0025	0.000754983443527075
H(5)N(5)S(1)F(2)	0.00276666666666667	0.00118462370959446	0.00136666666666667	0.000585946527708232	0.0209	0.00185202591774521
