File,Glycan_Composition,Moiety_Mass_(Da),Glycan_Type,Glycan_Mass_(Da),num_Protein,num_Site,Percent_Relative_Abundance_in_Sample
ID112496_Pool01_MA10140C_6010_031524,Hex(5)HexNAc(4)NeuAc(2),0,Complex/Hybrid,2204.7723,73,148,37.2992
ID112496_Pool01_MA10140C_6010_031524,Hex(6)HexNAc(5)NeuAc(3),0,Complex/Hybrid,2860.9999,49,96,14.484
ID112496_Pool01_MA10140C_6010_031524,Hex(6)HexNAc(5)NeuAc(3)Fuc(1),0,Complex/Hybrid,3007.0578,39,75,8.2646
ID112496_Pool01_MA10140C_6010_031524,Hex(5)HexNAc(4)NeuAc(1),0,Complex/Hybrid,1913.6769,49,76,7.025
ID112496_Pool01_MA10140C_6010_031524,Hex(5)HexNAc(4)NeuAc(2)Fuc(1),0,Complex/Hybrid,2350.8302,47,74,3.4458
ID112496_Pool01_MA10140C_6010_031524,Hex(5)HexNAc(4)NeuAc(1)Fuc(1),0,Complex/Hybrid,2059.7348,27,39,3.1454
ID112496_Pool01_MA10140C_6010_031524,Hex(6)HexNAc(5)NeuAc(2),0,Complex/Hybrid,2569.9045,27,57,2.5697
ID112496_Pool01_MA10140C_6010_031524,Hex(9)HexNAc(2),0,Oligo-Mannose,1864.6341,3,3,2.5431
ID112496_Pool01_MA10140C_6010_031524,Hex(8)HexNAc(6)NeuAc(4)Fuc(3),0,Complex/Hybrid,4117.454,2,2,1.9505
ID112496_Pool01_MA10140C_6010_031524,Hex(5)HexNAc(5)NeuAc(1)Fuc(1),0,Complex/Hybrid,2262.8142,11,14,1.4185
ID112496_Pool01_MA10140C_6010_031524,Hex(6)HexNAc(5)NeuAc(2)Fuc(1),0,Complex/Hybrid,2715.9624,23,43,1.1293
ID112496_Pool01_MA10140C_6010_031524,Hex(7)HexNAc(6)NeuAc(4),0,Complex/Hybrid,3517.2275,8,14,1.0965
ID112496_Pool01_MA10140C_6010_031524,Hex(7)HexNAc(6)NeuAc(3),0,Complex/Hybrid,3226.1321,9,17,1.0304
ID112496_Pool01_MA10140C_6010_031524,Hex(7)HexNAc(6)NeuAc(4)Fuc(1),0,Complex/Hybrid,3663.2854,10,16,0.5719
ID112496_Pool01_MA10140C_6010_031524,Hex(5)HexNAc(4)Fuc(1),0,Complex/Hybrid,1768.6394,8,10,0.5651
ID112496_Pool01_MA10140C_6010_031524,Hex(6)HexNAc(5)NeuAc(2)Fuc(2),0,Complex/Hybrid,2862.0203,16,21,0.4732
ID112496_Pool01_MA10140C_6010_031524,Hex(5)HexNAc(4)NeuAc(1)Fuc(2),0,Complex/Hybrid,2205.7927,20,23,0.4711
ID112496_Pool01_MA10140C_6010_031524,Hex(7)HexNAc(6)NeuAc(3)Fuc(1),0,Complex/Hybrid,3372.19,6,11,0.4519
ID112496_Pool01_MA10140C_6010_031524,Hex(10)HexNAc(8)NeuAc(2),0,Complex/Hybrid,3827.3539,3,3,0.416
ID112496_Pool01_MA10140C_6010_031524,Hex(6)HexNAc(5)NeuAc(3)Fuc(2),0,Complex/Hybrid,3153.1157,16,24,0.373
ID112496_Pool01_MA10140C_6010_031524,Hex(4)HexNAc(3)NeuAc(1),0,Complex/Hybrid,1548.5448,21,38,0.3444
ID112496_Pool01_MA10140C_6010_031524,Hex(7)HexNAc(6)NeuAc(2),0,Complex/Hybrid,2935.0367,6,13,0.2486
ID112496_Pool01_MA10140C_6010_031524,Hex(7)HexNAc(5)NeuAc(2)Fuc(2),0,Complex/Hybrid,3024.0731,14,19,0.2395
ID112496_Pool01_MA10140C_6010_031524,Hex(5)HexNAc(5)NeuAc(2)Fuc(1),0,Complex/Hybrid,2553.9096,5,8,0.232
ID112496_Pool01_MA10140C_6010_031524,Hex(6)HexNAc(4)NeuAc(1)Fuc(1),0,Complex/Hybrid,2221.7877,12,14,0.2149
ID112496_Pool01_MA10140C_6010_031524,Hex(6)HexNAc(5)NeuAc(1),0,Complex/Hybrid,2278.8091,14,19,0.1798
ID112496_Pool01_MA10140C_6010_031524,Hex(6)HexNAc(5)NeuAc(1)Fuc(1),0,Complex/Hybrid,2424.867,9,10,0.1594
ID112496_Pool01_MA10140C_6010_031524,Hex(7)HexNAc(6)NeuAc(4)Fuc(2),0,Complex/Hybrid,3809.3433,4,7,0.1426
ID112496_Pool01_MA10140C_6010_031524,Hex(5)HexNAc(4),0,Complex/Hybrid,1622.5815,2,2,0.1401
ID112496_Pool01_MA10140C_6010_031524,Hex(7)HexNAc(6)NeuAc(3)Fuc(3),0,Complex/Hybrid,3664.3058,8,8,0.132
ID112496_Pool01_MA10140C_6010_031524,Hex(4)HexNAc(4)NeuAc(1)Fuc(1),0,Complex/Hybrid,1897.682,5,6,0.1257
ID112496_Pool01_MA10140C_6010_031524,Hex(9)HexNAc(7)NeuAc(3)Fuc(3),0,Complex/Hybrid,4191.4908,2,2,0.1226
ID112496_Pool01_MA10140C_6010_031524,Hex(7)HexNAc(6)NeuAc(2)Fuc(1),0,Complex/Hybrid,3081.0946,6,7,0.1192
ID112496_Pool01_MA10140C_6010_031524,Hex(8)HexNAc(2),0,Oligo-Mannose,1702.5813,2,2,0.1007
ID112496_Pool01_MA10140C_6010_031524,Hex(7)HexNAc(6)NeuAc(1),0,Complex/Hybrid,2643.9413,4,4,0.0998
ID112496_Pool01_MA10140C_6010_031524,Hex(10)HexNAc(2),0,Oligo-Mannose,2026.6869,3,3,0.0953
ID112496_Pool01_MA10140C_6010_031524,Hex(4)HexNAc(3),0,Complex/Hybrid,1257.4494,6,7,0.0941
ID112496_Pool01_MA10140C_6010_031524,Hex(7)HexNAc(5)NeuAc(3),0,Complex/Hybrid,3023.0527,4,4,0.0928
ID112496_Pool01_MA10140C_6010_031524,Hex(6)HexNAc(5)Fuc(6),0,Complex/Hybrid,2864.0611,4,4,0.0831
ID112496_Pool01_MA10140C_6010_031524,Hex(6)HexNAc(4)Fuc(1),0,Complex/Hybrid,1930.6923,4,4,0.0791
ID112496_Pool01_MA10140C_6010_031524,Hex(7)HexNAc(6)NeuAc(3)Fuc(2),0,Complex/Hybrid,3518.2479,4,4,0.0787
ID112496_Pool01_MA10140C_6010_031524,Hex(8)HexNAc(7)NeuAc(4),0,Complex/Hybrid,3882.3597,4,6,0.0731
ID112496_Pool01_MA10140C_6010_031524,Hex(4)HexNAc(5)NeuAc(1)Fuc(1),0,Complex/Hybrid,2100.7614,2,3,0.0711
ID112496_Pool01_MA10140C_6010_031524,Hex(7)HexNAc(6)NeuAc(1)Fuc(3),0,Complex/Hybrid,3082.115,3,4,0.0704
ID112496_Pool01_MA10140C_6010_031524,Hex(8)HexNAc(7)NeuAc(1)Fuc(3),0,Complex/Hybrid,3447.2472,1,2,0.0684
ID112496_Pool01_MA10140C_6010_031524,Hex(8)HexNAc(7)NeuAc(3),0,Complex/Hybrid,3591.2643,3,3,0.0657
ID112496_Pool01_MA10140C_6010_031524,Hex(8)HexNAc(7)NeuAc(3)Fuc(1),0,Complex/Hybrid,3737.3222,2,3,0.0638
ID112496_Pool01_MA10140C_6010_031524,Hex(5)HexNAc(4)NeuGc(2)Fuc(1),0,Complex/Hybrid,2382.8201,1,1,0.0633
ID112496_Pool01_MA10140C_6010_031524,Hex(8)HexNAc(6)NeuAc(2)Fuc(1),0,Complex/Hybrid,3243.1474,3,3,0.0616
ID112496_Pool01_MA10140C_6010_031524,Hex(12)HexNAc(2),0,Oligo-Mannose,2350.7925,4,4,0.0586
ID112496_Pool01_MA10140C_6010_031524,Hex(5)HexNAc(5)NeuAc(1),0,Complex/Hybrid,2116.7563,3,4,0.0562
ID112496_Pool01_MA10140C_6010_031524,Hex(6)HexNAc(4)NeuAc(1),0,Complex/Hybrid,2075.7298,8,8,0.0549
ID112496_Pool01_MA10140C_6010_031524,Hex(6)HexNAc(5)NeuAc(1)Fuc(2),0,Complex/Hybrid,2570.9249,9,12,0.0548
ID112496_Pool01_MA10140C_6010_031524,Hex(5)HexNAc(4)NeuAc(1)NeuGc(1)Fuc(1),0,Complex/Hybrid,2366.8252,1,1,0.0534
ID112496_Pool01_MA10140C_6010_031524,Hex(6)HexNAc(5)NeuAc(1)Fuc(3),0,Complex/Hybrid,2716.9828,8,10,0.0497
ID112496_Pool01_MA10140C_6010_031524,Hex(4)HexNAc(3)Fuc(1),0,Complex/Hybrid,1403.5073,6,7,0.0464
ID112496_Pool01_MA10140C_6010_031524,Hex(10)HexNAc(8)NeuAc(1)Fuc(3),0,Complex/Hybrid,3974.4322,2,2,0.0432
ID112496_Pool01_MA10140C_6010_031524,Hex(7)HexNAc(6)NeuAc(1)Fuc(1),0,Complex/Hybrid,2789.9992,3,3,0.0428
ID112496_Pool01_MA10140C_6010_031524,Hex(5)HexNAc(4)NeuAc(1)Fuc(3),0,Complex/Hybrid,2351.8506,11,12,0.0416
ID112496_Pool01_MA10140C_6010_031524,Hex(9)HexNAc(7),0,Complex/Hybrid,2880.0309,8,10,0.0414
ID112496_Pool01_MA10140C_6010_031524,Hex(8)HexNAc(7)NeuAc(1)Fuc(1),0,Complex/Hybrid,3155.1314,2,4,0.04
ID112496_Pool01_MA10140C_6010_031524,Hex(6)HexNAc(4)NeuAc(1)Fuc(2),0,Complex/Hybrid,2367.8456,5,6,0.0387
ID112496_Pool01_MA10140C_6010_031524,Hex(8)HexNAc(6)NeuAc(2)Fuc(3),0,Complex/Hybrid,3535.2632,2,2,0.0363
ID112496_Pool01_MA10140C_6010_031524,Hex(9)HexNAc(6)NeuAc(2)Fuc(1),0,Complex/Hybrid,3405.2002,3,3,0.0362
ID112496_Pool01_MA10140C_6010_031524,Hex(4)HexNAc(3)NeuAc(1)Fuc(1),0,Complex/Hybrid,1694.6027,6,9,0.034
ID112496_Pool01_MA10140C_6010_031524,Hex(5)HexNAc(4)NeuAc(2)Fuc(2),0,Complex/Hybrid,2496.8881,3,3,0.0315
ID112496_Pool01_MA10140C_6010_031524,Hex(6)HexNAc(5)Fuc(2),0,Complex/Hybrid,2279.8295,4,4,0.0312
ID112496_Pool01_MA10140C_6010_031524,Hex(8)HexNAc(7)NeuAc(4)Fuc(1),0,Complex/Hybrid,4028.4176,1,1,0.0303
ID112496_Pool01_MA10140C_6010_031524,Hex(5)HexNAc(5)NeuAc(2),0,Complex/Hybrid,2407.8517,5,8,0.0281
ID112496_Pool01_MA10140C_6010_031524,Hex(5)HexNAc(5)Fuc(1),0,Complex/Hybrid,1971.7188,3,5,0.028
ID112496_Pool01_MA10140C_6010_031524,Hex(7)HexNAc(6)Fuc(4),0,Complex/Hybrid,2937.0775,1,1,0.0278
ID112496_Pool01_MA10140C_6010_031524,Hex(8)HexNAc(6)NeuAc(3)Fuc(1),0,Complex/Hybrid,3534.2428,2,3,0.0278
ID112496_Pool01_MA10140C_6010_031524,Hex(7)HexNAc(2),0,Oligo-Mannose,1540.5284,2,2,0.0275
ID112496_Pool01_MA10140C_6010_031524,Hex(5)HexNAc(4)Fuc(2),0,Complex/Hybrid,1914.6973,6,8,0.0262
ID112496_Pool01_MA10140C_6010_031524,Hex(7)HexNAc(6),0,Complex/Hybrid,2352.8459,3,5,0.0255
ID112496_Pool01_MA10140C_6010_031524,Hex(8)HexNAc(6)NeuAc(3)Fuc(2),0,Complex/Hybrid,3680.3007,2,3,0.0249
ID112496_Pool01_MA10140C_6010_031524,Hex(6)HexNAc(5)NeuAc(2)Fuc(3),0,Complex/Hybrid,3008.0782,5,5,0.0241
ID112496_Pool01_MA10140C_6010_031524,Hex(11)HexNAc(7)NeuAc(1),0,Complex/Hybrid,3495.2319,1,2,0.0232
ID112496_Pool01_MA10140C_6010_031524,Hex(7)HexNAc(6)NeuAc(1)Fuc(4),0,Complex/Hybrid,3228.1729,3,4,0.0229
ID112496_Pool01_MA10140C_6010_031524,Hex(6)HexNAc(5)NeuAc(4),0,Complex/Hybrid,3152.0953,3,3,0.0224
ID112496_Pool01_MA10140C_6010_031524,Hex(8)HexNAc(7)NeuAc(2)Fuc(1),0,Complex/Hybrid,3446.2268,2,2,0.0222
ID112496_Pool01_MA10140C_6010_031524,Hex(3)HexNAc(3),0,Complex/Hybrid,1095.3965,3,3,0.0208
ID112496_Pool01_MA10140C_6010_031524,Hex(5)HexNAc(5)NeuAc(1)Fuc(2),0,Complex/Hybrid,2408.8721,2,3,0.0191
ID112496_Pool01_MA10140C_6010_031524,Hex(9)HexNAc(8)NeuAc(2),0,Complex/Hybrid,3665.3011,3,3,0.018
ID112496_Pool01_MA10140C_6010_031524,Hex(7)HexNAc(5)NeuAc(2),0,Complex/Hybrid,2731.9573,1,1,0.0178
ID112496_Pool01_MA10140C_6010_031524,Hex(8)HexNAc(6)NeuAc(2)Fuc(2),0,Complex/Hybrid,3389.2053,1,1,0.0178
ID112496_Pool01_MA10140C_6010_031524,Hex(5)HexNAc(4)NeuGc(2),0,Complex/Hybrid,2236.7622,1,1,0.0176
ID112496_Pool01_MA10140C_6010_031524,Hex(6)HexNAc(4)NeuAc(2),0,Complex/Hybrid,2366.8252,3,3,0.0175
ID112496_Pool01_MA10140C_6010_031524,Hex(9)HexNAc(6)Fuc(3),0,Complex/Hybrid,3115.1252,1,1,0.0171
ID112496_Pool01_MA10140C_6010_031524,Hex(8)HexNAc(7)NeuAc(2),0,Complex/Hybrid,3300.1689,2,3,0.0168
ID112496_Pool01_MA10140C_6010_031524,Hex(8)HexNAc(6)NeuAc(1)Fuc(1),0,Complex/Hybrid,2952.052,2,3,0.0162
ID112496_Pool01_MA10140C_6010_031524,Hex(5)HexNAc(3)NeuAc(1)Fuc(1),0,Complex/Hybrid,1856.6555,2,2,0.0161
ID112496_Pool01_MA10140C_6010_031524,Hex(6)HexNAc(4)Fuc(2),0,Complex/Hybrid,2076.7502,4,4,0.0157
ID112496_Pool01_MA10140C_6010_031524,Hex(8)HexNAc(6)NeuAc(2)Fuc(4),0,Complex/Hybrid,3681.3211,3,4,0.0154
ID112496_Pool01_MA10140C_6010_031524,Hex(6)HexNAc(3)NeuAc(1),0,Complex/Hybrid,1872.6504,3,3,0.0147
ID112496_Pool01_MA10140C_6010_031524,Hex(4)HexNAc(4)Fuc(1),0,Complex/Hybrid,1606.5866,4,6,0.0145
ID112496_Pool01_MA10140C_6010_031524,Hex(7)HexNAc(6)NeuAc(2)Fuc(2),0,Complex/Hybrid,3227.1525,5,6,0.0136
ID112496_Pool01_MA10140C_6010_031524,Hex(3)HexNAc(3)Fuc(1),0,Complex/Hybrid,1241.4544,4,4,0.0134
ID112496_Pool01_MA10140C_6010_031524,Hex(6)HexNAc(2),0,Oligo-Mannose,1378.4756,2,2,0.0133
ID112496_Pool01_MA10140C_6010_031524,Hex(9)HexNAc(6)NeuAc(2)Fuc(2),0,Complex/Hybrid,3551.2581,1,1,0.013
ID112496_Pool01_MA10140C_6010_031524,Hex(7)HexNAc(6)NeuAc(3)Fuc(4),0,Complex/Hybrid,3810.3637,3,4,0.0128
ID112496_Pool01_MA10140C_6010_031524,Hex(7)HexNAc(7)Fuc(1),0,Complex/Hybrid,2701.9832,2,2,0.0113
ID112496_Pool01_MA10140C_6010_031524,Hex(9)HexNAc(7)NeuAc(2),0,Complex/Hybrid,3462.2217,2,2,0.011
ID112496_Pool01_MA10140C_6010_031524,Hex(11)HexNAc(2),0,Oligo-Mannose,2188.7397,1,1,0.0109
ID112496_Pool01_MA10140C_6010_031524,Hex(6)HexNAc(3)NeuAc(1)Fuc(1),0,Complex/Hybrid,2018.7083,2,2,0.0109
ID112496_Pool01_MA10140C_6010_031524,Hex(8)HexNAc(7)NeuAc(5),0,Complex/Hybrid,4173.4551,2,3,0.0107
ID112496_Pool01_MA10140C_6010_031524,Hex(7)HexNAc(6)NeuAc(2)Fuc(4),0,Complex/Hybrid,3519.2683,2,2,0.0097
ID112496_Pool01_MA10140C_6010_031524,Hex(5)HexNAc(4)NeuAc(2)Fuc(4),0,Complex/Hybrid,2789.004,1,1,0.0095
ID112496_Pool01_MA10140C_6010_031524,Hex(4)HexNAc(4)NeuAc(1),0,Complex/Hybrid,1751.6241,2,2,0.0092
ID112496_Pool01_MA10140C_6010_031524,Hex(7)HexNAc(7)Fuc(2),0,Complex/Hybrid,2848.0411,1,1,0.0091
ID112496_Pool01_MA10140C_6010_031524,Hex(9)HexNAc(8)NeuAc(1)Fuc(1),0,Complex/Hybrid,3520.2636,2,2,0.0091
ID112496_Pool01_MA10140C_6010_031524,Hex(5)HexNAc(4)Fuc(3),0,Complex/Hybrid,2060.7552,3,4,0.0087
ID112496_Pool01_MA10140C_6010_031524,Hex(5)HexNAc(4)Fuc(4),0,Complex/Hybrid,2206.8131,4,4,0.0069
ID112496_Pool01_MA10140C_6010_031524,Hex(10)HexNAc(8)NeuAc(1),0,Complex/Hybrid,3536.2585,1,1,0.0069
ID112496_Pool01_MA10140C_6010_031524,Hex(5)HexNAc(5)NeuAc(1)Fuc(3),0,Complex/Hybrid,2554.93,3,4,0.0069
ID112496_Pool01_MA10140C_6010_031524,Hex(8)HexNAc(8)Fuc(2),0,Complex/Hybrid,3213.1732,1,1,0.0066
ID112496_Pool01_MA10140C_6010_031524,Hex(6)HexNAc(5)NeuAc(2)Fuc(4),0,Complex/Hybrid,3154.1361,2,2,0.0066
ID112496_Pool01_MA10140C_6010_031524,Hex(4)HexNAc(4)NeuAc(2)Fuc(1),0,Complex/Hybrid,2188.7774,1,1,0.0065
ID112496_Pool01_MA10140C_6010_031524,Hex(5)HexNAc(4)NeuGc(1)Fuc(1),0,Complex/Hybrid,2075.7298,1,1,0.0062
ID112496_Pool01_MA10140C_6010_031524,Hex(3)HexNAc(2),0,Truncated,892.3172,1,1,0.006
ID112496_Pool01_MA10140C_6010_031524,Hex(8)HexNAc(8)NeuAc(1)Fuc(1),0,Complex/Hybrid,3358.2107,1,1,0.006
ID112496_Pool01_MA10140C_6010_031524,Hex(8)HexNAc(8)Fuc(1),0,Complex/Hybrid,3067.1153,1,1,0.0057
ID112496_Pool01_MA10140C_6010_031524,Hex(10)HexNAc(9),0,Complex/Hybrid,3448.2424,1,1,0.0053
ID112496_Pool01_MA10140C_6010_031524,Hex(7)HexNAc(7)NeuAc(3),0,Complex/Hybrid,3429.2115,1,1,0.0053
ID112496_Pool01_MA10140C_6010_031524,Hex(7)HexNAc(5)NeuAc(1)Fuc(2),0,Complex/Hybrid,2732.9777,1,1,0.0052
ID112496_Pool01_MA10140C_6010_031524,Hex(7)HexNAc(6)NeuAc(2)Fuc(3),0,Complex/Hybrid,3373.2104,2,2,0.0051
ID112496_Pool01_MA10140C_6010_031524,Hex(8)HexNAc(6)NeuAc(1)Fuc(2),0,Complex/Hybrid,3098.1099,2,3,0.005
ID112496_Pool01_MA10140C_6010_031524,Hex(5)HexNAc(4)NeuAc(3),0,Complex/Hybrid,2495.8677,1,1,0.0048
ID112496_Pool01_MA10140C_6010_031524,Hex(7)HexNAc(7)NeuAc(2),0,Complex/Hybrid,3138.1161,1,1,0.0046
ID112496_Pool01_MA10140C_6010_031524,Hex(7)HexNAc(6)NeuAc(5),0,Complex/Hybrid,3808.3229,1,2,0.0046
ID112496_Pool01_MA10140C_6010_031524,Hex(6)HexNAc(6)NeuAc(1),0,Complex/Hybrid,2481.8885,1,1,0.0045
ID112496_Pool01_MA10140C_6010_031524,Hex(5)HexNAc(6)Fuc(2),0,Complex/Hybrid,2320.8561,1,1,0.0042
ID112496_Pool01_MA10140C_6010_031524,Hex(7)HexNAc(7)NeuAc(2)Fuc(4),0,Complex/Hybrid,3722.3477,1,1,0.0042
ID112496_Pool01_MA10140C_6010_031524,Hex(6)HexNAc(3)NeuAc(2)Fuc(2),0,Complex/Hybrid,2455.8616,2,2,0.0041
ID112496_Pool01_MA10140C_6010_031524,Hex(6)HexNAc(6)NeuAc(1)Fuc(1),0,Complex/Hybrid,2627.9464,1,1,0.0041
ID112496_Pool01_MA10140C_6010_031524,Hex(7)HexNAc(7),0,Complex/Hybrid,2555.9253,1,1,0.004
ID112496_Pool01_MA10140C_6010_031524,Hex(8)HexNAc(4)NeuAc(1)Fuc(2),0,Complex/Hybrid,2691.9512,1,1,0.004
ID112496_Pool01_MA10140C_6010_031524,Hex(5)HexNAc(5)NeuAc(3)Fuc(2),0,Complex/Hybrid,2991.0629,2,2,0.0038
ID112496_Pool01_MA10140C_6010_031524,Hex(8)HexNAc(7)NeuAc(2)Fuc(2),0,Complex/Hybrid,3592.2847,2,2,0.0038
ID112496_Pool01_MA10140C_6010_031524,Hex(7)HexNAc(7)NeuAc(1),0,Complex/Hybrid,2847.0207,1,1,0.0036
ID112496_Pool01_MA10140C_6010_031524,Hex(7)HexNAc(5)NeuAc(2)Fuc(3),0,Complex/Hybrid,3170.131,2,3,0.0036
ID112496_Pool01_MA10140C_6010_031524,Hex(6)HexNAc(6)NeuAc(4),0,Complex/Hybrid,3355.1747,1,1,0.0035
ID112496_Pool01_MA10140C_6010_031524,Hex(7)HexNAc(5)NeuAc(1)Fuc(1),0,Complex/Hybrid,2586.9198,1,1,0.0035
ID112496_Pool01_MA10140C_6010_031524,Hex(8)HexNAc(8)NeuAc(1),0,Complex/Hybrid,3212.1528,1,1,0.0034
ID112496_Pool01_MA10140C_6010_031524,Hex(7)HexNAc(4)NeuAc(2)Fuc(2),0,Complex/Hybrid,2820.9938,2,3,0.0033
ID112496_Pool01_MA10140C_6010_031524,Hex(8)HexNAc(7)Fuc(2),0,Complex/Hybrid,3010.0939,1,2,0.0032
ID112496_Pool01_MA10140C_6010_031524,Hex(3)HexNAc(4)NeuAc(2),0,Complex/Hybrid,1880.6667,2,2,0.0032
ID112496_Pool01_MA10140C_6010_031524,Hex(5)HexNAc(6)NeuAc(2)Fuc(3),0,Complex/Hybrid,3049.1048,1,1,0.0031
ID112496_Pool01_MA10140C_6010_031524,Hex(6)HexNAc(5)NeuAc(1)Fuc(4),0,Complex/Hybrid,2863.0407,2,2,0.003
ID112496_Pool01_MA10140C_6010_031524,Hex(6)HexNAc(7)NeuAc(1)Fuc(3),0,Complex/Hybrid,3123.1416,1,1,0.0029
ID112496_Pool01_MA10140C_6010_031524,Hex(4)HexNAc(4),0,Complex/Hybrid,1460.5287,1,1,0.0028
ID112496_Pool01_MA10140C_6010_031524,Hex(7)HexNAc(8),0,Complex/Hybrid,2759.0046,1,1,0.0028
ID112496_Pool01_MA10140C_6010_031524,Hex(8)HexNAc(6)Fuc(4),0,Complex/Hybrid,3099.1303,2,2,0.0028
ID112496_Pool01_MA10140C_6010_031524,Hex(8)HexNAc(5)NeuAc(1)Fuc(1),0,Complex/Hybrid,2748.9727,2,2,0.0028
ID112496_Pool01_MA10140C_6010_031524,Hex(6)HexNAc(8)NeuAc(1),0,Complex/Hybrid,2888.0472,1,1,0.0027
ID112496_Pool01_MA10140C_6010_031524,Hex(7)HexNAc(7)NeuAc(1)Fuc(1),0,Complex/Hybrid,2993.0786,1,1,0.0027
ID112496_Pool01_MA10140C_6010_031524,Hex(5)HexNAc(4)NeuGc(1),0,Complex/Hybrid,1929.6719,1,2,0.0025
ID112496_Pool01_MA10140C_6010_031524,Hex(6)HexNAc(6)NeuAc(2),0,Complex/Hybrid,2772.9839,1,1,0.0025
ID112496_Pool01_MA10140C_6010_031524,Hex(8)HexNAc(7)NeuAc(1),0,Complex/Hybrid,3009.0735,2,2,0.0025
ID112496_Pool01_MA10140C_6010_031524,Hex(7)HexNAc(6)NeuAc(1)Fuc(2),0,Complex/Hybrid,2936.0571,1,1,0.0025
ID112496_Pool01_MA10140C_6010_031524,Hex(4)HexNAc(9),0,Complex/Hybrid,2475.9255,1,1,0.0024
ID112496_Pool01_MA10140C_6010_031524,Hex(9)HexNAc(7)NeuAc(1)Fuc(2),0,Complex/Hybrid,3463.2421,1,1,0.0024
ID112496_Pool01_MA10140C_6010_031524,Hex(6)HexNAc(6)Fuc(1),0,Complex/Hybrid,2336.851,1,1,0.0023
ID112496_Pool01_MA10140C_6010_031524,Hex(10)HexNAc(7)Fuc(2),0,Complex/Hybrid,3334.1995,1,1,0.0022
ID112496_Pool01_MA10140C_6010_031524,Hex(5)HexNAc(4)NeuAc(2)Fuc(3),0,Complex/Hybrid,2642.9461,1,1,0.0021
ID112496_Pool01_MA10140C_6010_031524,HexNAc(2),0,Truncated,406.1587,1,1,0.002
ID112496_Pool01_MA10140C_6010_031524,Hex(8)HexNAc(7)NeuAc(1)Fuc(2),0,Complex/Hybrid,3301.1893,1,1,0.0018
ID112496_Pool01_MA10140C_6010_031524,Hex(6)HexNAc(5),0,Complex/Hybrid,1987.7137,1,1,0.0017
ID112496_Pool01_MA10140C_6010_031524,Hex(6)HexNAc(4),0,Complex/Hybrid,1784.6344,1,1,0.0016
ID112496_Pool01_MA10140C_6010_031524,Hex(5)HexNAc(3)NeuAc(1),0,Complex/Hybrid,1710.5976,1,1,0.0016
ID112496_Pool01_MA10140C_6010_031524,Hex(8)HexNAc(8)NeuAc(4),0,Complex/Hybrid,4085.4391,1,2,0.0016
ID112496_Pool01_MA10140C_6010_031524,Hex(6)HexNAc(5)Fuc(3),0,Complex/Hybrid,2425.8874,1,1,0.0014
ID112496_Pool01_MA10140C_6010_031524,Hex(7)HexNAc(5)NeuAc(2)Fuc(1),0,Complex/Hybrid,2878.0152,1,1,0.0011
ID112496_Pool01_MA10140C_6010_031524,Hex(6)HexNAc(5)Fuc(1),0,Complex/Hybrid,2133.7716,1,1,0.001
ID112496_Pool01_MA10140C_6010_031524,Hex(8)HexNAc(8)Fuc(3),0,Complex/Hybrid,3359.2311,1,1,0.001
ID112496_Pool01_MA10140C_6010_031524,Hex(9)HexNAc(8)NeuAc(3),0,Complex/Hybrid,3956.3965,1,1,0.001
ID112496_Pool01_MA10140C_6010_031524,Hex(8)HexNAc(5)NeuAc(2),0,Complex/Hybrid,2894.0102,1,1,8.00E-04
ID112496_Pool01_MA10140C_6010_031524,Hex(10)HexNAc(6),0,Complex/Hybrid,2839.0043,2,2,7.00E-04
ID112496_Pool01_MA10140C_6010_031524,Hex(3)HexNAc(4)Fuc(1),0,Complex/Hybrid,1444.5338,2,2,7.00E-04
ID112496_Pool01_MA10140C_6010_031524,Hex(7)HexNAc(6)Fuc(3),0,Complex/Hybrid,2791.0196,1,1,6.00E-04
ID112496_Pool01_MA10140C_6010_031524,Hex(4)HexNAc(5)NeuAc(1),0,Complex/Hybrid,1954.7035,1,1,5.00E-04
ID112496_Pool01_MA10140C_6010_031524,Hex(9)HexNAc(8)NeuAc(2)Fuc(1),0,Complex/Hybrid,3811.359,1,1,5.00E-04
ID112496_Pool01_MA10140C_6010_031524,Hex(4)HexNAc(4)Fuc(3),0,Complex/Hybrid,1898.7024,1,1,4.00E-04
ID112496_Pool01_MA10140C_6010_031524,Hex(5)HexNAc(5)Fuc(3),0,Complex/Hybrid,2263.8346,1,1,4.00E-04
ID112496_Pool01_MA10140C_6010_031524,Hex(8)HexNAc(4)NeuAc(1),0,Complex/Hybrid,2399.8354,1,1,3.00E-04
ID112496_Pool01_MA10140C_6010_031524,Hex(4)HexNAc(8),0,Complex/Hybrid,2272.8462,1,1,2.00E-04
ID112496_Pool02_MA10140C_6010_031524,HexNAc(2),0,Truncated,406.1587,3,3,0.0044
ID112496_Pool02_MA10140C_6010_031524,Hex(2)HexNAc(2),0,Truncated,730.2644,1,1,0.0029
ID112496_Pool02_MA10140C_6010_031524,Hex(3)HexNAc(2),0,Truncated,892.3172,1,1,0.0167
ID112496_Pool02_MA10140C_6010_031524,Hex(6)HexNAc(2),0,Oligo-Mannose,1378.4756,2,2,0.0142
ID112496_Pool02_MA10140C_6010_031524,Hex(7)HexNAc(2),0,Oligo-Mannose,1540.5284,2,2,0.029
ID112496_Pool02_MA10140C_6010_031524,Hex(8)HexNAc(2),0,Oligo-Mannose,1702.5813,2,2,0.11
ID112496_Pool02_MA10140C_6010_031524,Hex(9)HexNAc(2),0,Oligo-Mannose,1864.6341,3,3,2.5595
ID112496_Pool02_MA10140C_6010_031524,Hex(10)HexNAc(2),0,Oligo-Mannose,2026.6869,3,3,0.1104
ID112496_Pool02_MA10140C_6010_031524,Hex(12)HexNAc(2),0,Oligo-Mannose,2350.7925,5,5,0.0279
ID112496_Pool02_MA10140C_6010_031524,Hex(3)HexNAc(3),0,Complex/Hybrid,1095.3965,1,1,0.0193
ID112496_Pool02_MA10140C_6010_031524,Hex(4)HexNAc(3),0,Complex/Hybrid,1257.4494,3,4,0.0944
ID112496_Pool02_MA10140C_6010_031524,Hex(4)HexNAc(4),0,Complex/Hybrid,1460.5287,1,1,0.0047
ID112496_Pool02_MA10140C_6010_031524,Hex(5)HexNAc(4),0,Complex/Hybrid,1622.5815,3,3,0.0917
ID112496_Pool02_MA10140C_6010_031524,Hex(6)HexNAc(4),0,Complex/Hybrid,1784.6344,1,1,0.0015
ID112496_Pool02_MA10140C_6010_031524,Hex(3)HexNAc(7),0,Complex/Hybrid,1907.714,1,1,0.0041
ID112496_Pool02_MA10140C_6010_031524,Hex(6)HexNAc(5),0,Complex/Hybrid,1987.7137,2,2,0.0032
ID112496_Pool02_MA10140C_6010_031524,Hex(7)HexNAc(6),0,Complex/Hybrid,2352.8459,1,1,0.0045
ID112496_Pool02_MA10140C_6010_031524,Hex(9)HexNAc(5),0,Complex/Hybrid,2473.8722,1,1,0.0017
ID112496_Pool02_MA10140C_6010_031524,Hex(5)HexNAc(9),0,Complex/Hybrid,2637.9784,1,1,0.0012
ID112496_Pool02_MA10140C_6010_031524,Hex(10)HexNAc(6),0,Complex/Hybrid,2839.0043,2,2,7.00E-04
ID112496_Pool02_MA10140C_6010_031524,Hex(9)HexNAc(7),0,Complex/Hybrid,2880.0309,5,7,0.033
ID112496_Pool02_MA10140C_6010_031524,Hex(8)HexNAc(8),0,Complex/Hybrid,2921.0574,1,1,2.00E-04
ID112496_Pool02_MA10140C_6010_031524,Hex(11)HexNAc(7),0,Complex/Hybrid,3204.1365,1,1,0.0079
ID112496_Pool02_MA10140C_6010_031524,Hex(3)HexNAc(3)Fuc(1),0,Complex/Hybrid,1241.4544,3,3,0.0061
ID112496_Pool02_MA10140C_6010_031524,Hex(4)HexNAc(3)Fuc(1),0,Complex/Hybrid,1403.5073,6,6,0.0587
ID112496_Pool02_MA10140C_6010_031524,Hex(3)HexNAc(4)Fuc(1),0,Complex/Hybrid,1444.5338,2,2,0.001
ID112496_Pool02_MA10140C_6010_031524,Hex(4)HexNAc(4)Fuc(1),0,Complex/Hybrid,1606.5866,3,4,0.0158
ID112496_Pool02_MA10140C_6010_031524,Hex(4)HexNAc(3)Fuc(3),0,Complex/Hybrid,1695.6231,1,1,0.0011
ID112496_Pool02_MA10140C_6010_031524,Hex(5)HexNAc(4)Fuc(1),0,Complex/Hybrid,1768.6394,8,11,0.6385
ID112496_Pool02_MA10140C_6010_031524,Hex(4)HexNAc(5)Fuc(1),0,Complex/Hybrid,1809.666,1,1,2.00E-04
ID112496_Pool02_MA10140C_6010_031524,Hex(7)HexNAc(3)Fuc(1),0,Complex/Hybrid,1889.6657,1,1,0.0012
ID112496_Pool02_MA10140C_6010_031524,Hex(4)HexNAc(4)Fuc(3),0,Complex/Hybrid,1898.7024,1,1,3.00E-04
ID112496_Pool02_MA10140C_6010_031524,Hex(5)HexNAc(4)Fuc(2),0,Complex/Hybrid,1914.6973,7,9,0.0559
ID112496_Pool02_MA10140C_6010_031524,Hex(6)HexNAc(4)Fuc(1),0,Complex/Hybrid,1930.6923,4,4,0.0728
ID112496_Pool02_MA10140C_6010_031524,Hex(5)HexNAc(5)Fuc(1),0,Complex/Hybrid,1971.7188,4,6,0.0744
ID112496_Pool02_MA10140C_6010_031524,Hex(5)HexNAc(4)Fuc(3),0,Complex/Hybrid,2060.7552,3,4,0.0138
ID112496_Pool02_MA10140C_6010_031524,Hex(6)HexNAc(4)Fuc(2),0,Complex/Hybrid,2076.7502,1,1,0.0043
ID112496_Pool02_MA10140C_6010_031524,Hex(6)HexNAc(5)Fuc(1),0,Complex/Hybrid,2133.7716,2,2,0.003
ID112496_Pool02_MA10140C_6010_031524,Hex(5)HexNAc(6)Fuc(1),0,Complex/Hybrid,2174.7982,1,1,0.0092
ID112496_Pool02_MA10140C_6010_031524,Hex(5)HexNAc(4)Fuc(4),0,Complex/Hybrid,2206.8131,2,2,0.0033
ID112496_Pool02_MA10140C_6010_031524,Hex(6)HexNAc(5)Fuc(2),0,Complex/Hybrid,2279.8295,6,6,0.0314
ID112496_Pool02_MA10140C_6010_031524,Hex(6)HexNAc(5)Fuc(3),0,Complex/Hybrid,2425.8874,2,2,0.002
ID112496_Pool02_MA10140C_6010_031524,Hex(8)HexNAc(5)Fuc(1),0,Complex/Hybrid,2457.8773,1,1,0.0328
ID112496_Pool02_MA10140C_6010_031524,Hex(5)HexNAc(7)Fuc(2),0,Complex/Hybrid,2523.9354,1,1,0.0019
ID112496_Pool02_MA10140C_6010_031524,Hex(7)HexNAc(6)Fuc(2),0,Complex/Hybrid,2644.9617,1,1,0.0048
ID112496_Pool02_MA10140C_6010_031524,Hex(7)HexNAc(7)Fuc(1),0,Complex/Hybrid,2701.9832,1,1,0.0093
ID112496_Pool02_MA10140C_6010_031524,Hex(9)HexNAc(6)Fuc(1),0,Complex/Hybrid,2823.0094,1,1,0.0015
ID112496_Pool02_MA10140C_6010_031524,Hex(7)HexNAc(7)Fuc(2),0,Complex/Hybrid,2848.0411,1,1,0.013
ID112496_Pool02_MA10140C_6010_031524,Hex(6)HexNAc(5)Fuc(6),0,Complex/Hybrid,2864.0611,1,1,0.0055
ID112496_Pool02_MA10140C_6010_031524,Hex(7)HexNAc(7)Fuc(3),0,Complex/Hybrid,2994.099,1,1,0.0044
ID112496_Pool02_MA10140C_6010_031524,Hex(8)HexNAc(7)Fuc(2),0,Complex/Hybrid,3010.0939,2,2,0.0012
ID112496_Pool02_MA10140C_6010_031524,Hex(8)HexNAc(8)Fuc(1),0,Complex/Hybrid,3067.1153,1,1,0.006
ID112496_Pool02_MA10140C_6010_031524,Hex(7)HexNAc(6)Fuc(5),0,Complex/Hybrid,3083.1354,2,2,0.004
ID112496_Pool02_MA10140C_6010_031524,Hex(8)HexNAc(6)Fuc(4),0,Complex/Hybrid,3099.1303,1,2,0.0025
ID112496_Pool02_MA10140C_6010_031524,Hex(9)HexNAc(6)Fuc(3),0,Complex/Hybrid,3115.1252,1,1,0.0052
ID112496_Pool02_MA10140C_6010_031524,Hex(8)HexNAc(7)Fuc(3),0,Complex/Hybrid,3156.1518,1,1,3.00E-04
ID112496_Pool02_MA10140C_6010_031524,Hex(8)HexNAc(8)Fuc(2),0,Complex/Hybrid,3213.1732,1,1,0.0066
ID112496_Pool02_MA10140C_6010_031524,Hex(9)HexNAc(8)Fuc(1),0,Complex/Hybrid,3229.1682,1,1,6.00E-04
ID112496_Pool02_MA10140C_6010_031524,Hex(4)HexNAc(3)NeuAc(1),0,Complex/Hybrid,1548.5448,28,44,0.6271
ID112496_Pool02_MA10140C_6010_031524,Hex(5)HexNAc(3)NeuAc(1),0,Complex/Hybrid,1710.5976,1,1,0.0017
ID112496_Pool02_MA10140C_6010_031524,Hex(4)HexNAc(4)NeuAc(1),0,Complex/Hybrid,1751.6241,3,3,0.0088
ID112496_Pool02_MA10140C_6010_031524,Hex(6)HexNAc(3)NeuAc(1),0,Complex/Hybrid,1872.6504,3,3,0.014
ID112496_Pool02_MA10140C_6010_031524,Hex(5)HexNAc(4)NeuAc(1),0,Complex/Hybrid,1913.6769,48,79,7.3559
ID112496_Pool02_MA10140C_6010_031524,Hex(5)HexNAc(4)NeuGc(1),0,Complex/Hybrid,1929.6719,1,2,0.0026
ID112496_Pool02_MA10140C_6010_031524,Hex(4)HexNAc(5)NeuAc(1),0,Complex/Hybrid,1954.7035,1,1,4.00E-04
ID112496_Pool02_MA10140C_6010_031524,Hex(6)HexNAc(4)NeuAc(1),0,Complex/Hybrid,2075.7298,5,5,0.0429
ID112496_Pool02_MA10140C_6010_031524,Hex(5)HexNAc(5)NeuAc(1),0,Complex/Hybrid,2116.7563,2,3,0.0963
ID112496_Pool02_MA10140C_6010_031524,Hex(5)HexNAc(4)NeuAc(2),0,Complex/Hybrid,2204.7723,71,133,37.3958
ID112496_Pool02_MA10140C_6010_031524,Hex(5)HexNAc(4)NeuGc(2),0,Complex/Hybrid,2236.7622,1,1,0.0138
ID112496_Pool02_MA10140C_6010_031524,Hex(6)HexNAc(5)NeuAc(1),0,Complex/Hybrid,2278.8091,14,20,0.2287
ID112496_Pool02_MA10140C_6010_031524,Hex(6)HexNAc(4)NeuAc(2),0,Complex/Hybrid,2366.8252,3,3,0.031
ID112496_Pool02_MA10140C_6010_031524,Hex(5)HexNAc(5)NeuAc(2),0,Complex/Hybrid,2407.8517,6,8,0.0309
ID112496_Pool02_MA10140C_6010_031524,Hex(6)HexNAc(5)NeuAc(2),0,Complex/Hybrid,2569.9045,30,60,2.9222
ID112496_Pool02_MA10140C_6010_031524,Hex(7)HexNAc(6)NeuAc(1),0,Complex/Hybrid,2643.9413,4,4,0.0978
ID112496_Pool02_MA10140C_6010_031524,Hex(4)HexNAc(7)NeuAc(2),0,Complex/Hybrid,2651.9576,1,1,0.0056
ID112496_Pool02_MA10140C_6010_031524,Hex(7)HexNAc(5)NeuAc(2),0,Complex/Hybrid,2731.9573,1,1,0.0215
ID112496_Pool02_MA10140C_6010_031524,Hex(6)HexNAc(6)NeuAc(2),0,Complex/Hybrid,2772.9839,2,2,0.0079
ID112496_Pool02_MA10140C_6010_031524,Hex(6)HexNAc(5)NeuAc(3),0,Complex/Hybrid,2860.9999,53,100,15.2687
ID112496_Pool02_MA10140C_6010_031524,Hex(7)HexNAc(6)NeuAc(2),0,Complex/Hybrid,2935.0367,6,12,0.5534
ID112496_Pool02_MA10140C_6010_031524,Hex(8)HexNAc(7)NeuAc(1),0,Complex/Hybrid,3009.0735,1,1,0.0011
ID112496_Pool02_MA10140C_6010_031524,Hex(7)HexNAc(5)NeuAc(3),0,Complex/Hybrid,3023.0527,2,2,0.0061
ID112496_Pool02_MA10140C_6010_031524,Hex(6)HexNAc(6)NeuAc(3),0,Complex/Hybrid,3064.0793,1,1,1.00E-04
ID112496_Pool02_MA10140C_6010_031524,Hex(6)HexNAc(5)NeuAc(4),0,Complex/Hybrid,3152.0953,7,10,0.0709
ID112496_Pool02_MA10140C_6010_031524,Hex(7)HexNAc(6)NeuAc(3),0,Complex/Hybrid,3226.1321,7,16,1.4028
ID112496_Pool02_MA10140C_6010_031524,Hex(9)HexNAc(6)NeuAc(2),0,Complex/Hybrid,3259.1423,2,3,0.0026
ID112496_Pool02_MA10140C_6010_031524,Hex(8)HexNAc(7)NeuAc(2),0,Complex/Hybrid,3300.1689,2,3,0.0057
ID112496_Pool02_MA10140C_6010_031524,Hex(8)HexNAc(6)NeuAc(3),0,Complex/Hybrid,3388.1849,1,1,0.0081
ID112496_Pool02_MA10140C_6010_031524,Hex(7)HexNAc(7)NeuAc(3),0,Complex/Hybrid,3429.2115,1,1,0.0044
ID112496_Pool02_MA10140C_6010_031524,Hex(6)HexNAc(5)NeuAc(5),0,Complex/Hybrid,3443.1907,1,1,4.00E-04
ID112496_Pool02_MA10140C_6010_031524,Hex(11)HexNAc(7)NeuAc(1),0,Complex/Hybrid,3495.2319,1,2,0.0304
ID112496_Pool02_MA10140C_6010_031524,Hex(7)HexNAc(6)NeuAc(4),0,Complex/Hybrid,3517.2275,9,15,1.0414
ID112496_Pool02_MA10140C_6010_031524,Hex(9)HexNAc(6)NeuAc(3),0,Complex/Hybrid,3550.2377,1,1,0.007
ID112496_Pool02_MA10140C_6010_031524,Hex(8)HexNAc(7)NeuAc(3),0,Complex/Hybrid,3591.2643,2,3,0.0746
ID112496_Pool02_MA10140C_6010_031524,Hex(10)HexNAc(7)NeuAc(2),0,Complex/Hybrid,3624.2745,1,1,0.001
ID112496_Pool02_MA10140C_6010_031524,Hex(7)HexNAc(6)NeuAc(5),0,Complex/Hybrid,3808.3229,1,4,0.0095
ID112496_Pool02_MA10140C_6010_031524,Hex(10)HexNAc(8)NeuAc(2),0,Complex/Hybrid,3827.3539,1,1,0.0787
ID112496_Pool02_MA10140C_6010_031524,Hex(8)HexNAc(7)NeuAc(4),0,Complex/Hybrid,3882.3597,3,4,0.0713
ID112496_Pool02_MA10140C_6010_031524,Hex(4)HexNAc(3)NeuAc(1)Fuc(1),0,Complex/Hybrid,1694.6027,8,11,0.0428
ID112496_Pool02_MA10140C_6010_031524,Hex(5)HexNAc(3)NeuAc(1)Fuc(1),0,Complex/Hybrid,1856.6555,1,1,0.0152
ID112496_Pool02_MA10140C_6010_031524,Hex(4)HexNAc(4)NeuAc(1)Fuc(1),0,Complex/Hybrid,1897.682,5,5,0.1476
ID112496_Pool02_MA10140C_6010_031524,Hex(4)HexNAc(3)NeuAc(2)Fuc(1),0,Complex/Hybrid,1985.6981,1,1,0.0028
ID112496_Pool02_MA10140C_6010_031524,Hex(6)HexNAc(3)NeuAc(1)Fuc(1),0,Complex/Hybrid,2018.7083,2,2,0.014
ID112496_Pool02_MA10140C_6010_031524,Hex(5)HexNAc(4)NeuAc(1)Fuc(1),0,Complex/Hybrid,2059.7348,24,31,3.4461
ID112496_Pool02_MA10140C_6010_031524,Hex(4)HexNAc(5)NeuAc(1)Fuc(1),0,Complex/Hybrid,2100.7614,1,2,0.0597
ID112496_Pool02_MA10140C_6010_031524,Hex(4)HexNAc(4)NeuAc(2)Fuc(1),0,Complex/Hybrid,2188.7774,2,2,0.0277
ID112496_Pool02_MA10140C_6010_031524,Hex(5)HexNAc(4)NeuAc(1)Fuc(2),0,Complex/Hybrid,2205.7927,20,23,0.2269
ID112496_Pool02_MA10140C_6010_031524,Hex(6)HexNAc(4)NeuAc(1)Fuc(1),0,Complex/Hybrid,2221.7877,16,19,0.223
ID112496_Pool02_MA10140C_6010_031524,Hex(5)HexNAc(5)NeuAc(1)Fuc(1),0,Complex/Hybrid,2262.8142,11,14,1.4053
ID112496_Pool02_MA10140C_6010_031524,Hex(5)HexNAc(4)NeuAc(2)Fuc(1),0,Complex/Hybrid,2350.8302,48,79,3.607
ID112496_Pool02_MA10140C_6010_031524,Hex(5)HexNAc(4)NeuAc(1)Fuc(3),0,Complex/Hybrid,2351.8506,10,11,0.0353
ID112496_Pool02_MA10140C_6010_031524,Hex(5)HexNAc(4)NeuAc(1)NeuGc(1)Fuc(1),0,Complex/Hybrid,2366.8252,1,1,0.0358
ID112496_Pool02_MA10140C_6010_031524,Hex(6)HexNAc(4)NeuAc(1)Fuc(2),0,Complex/Hybrid,2367.8456,4,5,0.0036
ID112496_Pool02_MA10140C_6010_031524,Hex(5)HexNAc(4)NeuGc(2)Fuc(1),0,Complex/Hybrid,2382.8201,1,1,0.0454
ID112496_Pool02_MA10140C_6010_031524,Hex(5)HexNAc(5)NeuAc(1)Fuc(2),0,Complex/Hybrid,2408.8721,3,4,0.0228
ID112496_Pool02_MA10140C_6010_031524,Hex(6)HexNAc(5)NeuAc(1)Fuc(1),0,Complex/Hybrid,2424.867,9,11,0.1516
ID112496_Pool02_MA10140C_6010_031524,Hex(6)HexNAc(3)NeuAc(2)Fuc(2),0,Complex/Hybrid,2455.8616,2,2,0.0063
ID112496_Pool02_MA10140C_6010_031524,Hex(5)HexNAc(4)NeuAc(2)Fuc(2),0,Complex/Hybrid,2496.8881,4,5,0.031
ID112496_Pool02_MA10140C_6010_031524,Hex(5)HexNAc(4)NeuAc(1)Fuc(4),0,Complex/Hybrid,2497.9086,1,2,0.0012
ID112496_Pool02_MA10140C_6010_031524,Hex(7)HexNAc(4)NeuAc(1)Fuc(2),0,Complex/Hybrid,2529.8984,1,1,0.0027
ID112496_Pool02_MA10140C_6010_031524,Hex(5)HexNAc(5)NeuAc(2)Fuc(1),0,Complex/Hybrid,2553.9096,6,9,0.2252
ID112496_Pool02_MA10140C_6010_031524,Hex(5)HexNAc(5)NeuAc(1)Fuc(3),0,Complex/Hybrid,2554.93,2,3,0.0076
ID112496_Pool02_MA10140C_6010_031524,Hex(6)HexNAc(5)NeuAc(1)Fuc(2),0,Complex/Hybrid,2570.9249,8,10,0.0521
ID112496_Pool02_MA10140C_6010_031524,Hex(7)HexNAc(5)NeuAc(1)Fuc(1),0,Complex/Hybrid,2586.9198,2,2,0.021
ID112496_Pool02_MA10140C_6010_031524,Hex(6)HexNAc(6)NeuAc(1)Fuc(1),0,Complex/Hybrid,2627.9464,1,1,0.0048
ID112496_Pool02_MA10140C_6010_031524,Hex(5)HexNAc(4)NeuAc(2)Fuc(3),0,Complex/Hybrid,2642.9461,1,1,0.0031
ID112496_Pool02_MA10140C_6010_031524,Hex(6)HexNAc(5)NeuAc(2)Fuc(1),0,Complex/Hybrid,2715.9624,23,40,1.2547
ID112496_Pool02_MA10140C_6010_031524,Hex(6)HexNAc(5)NeuAc(1)Fuc(3),0,Complex/Hybrid,2716.9828,7,8,0.1472
ID112496_Pool02_MA10140C_6010_031524,Hex(8)HexNAc(5)NeuAc(1)Fuc(1),0,Complex/Hybrid,2748.9727,1,1,0.002
ID112496_Pool02_MA10140C_6010_031524,Hex(6)HexNAc(6)NeuAc(1)Fuc(2),0,Complex/Hybrid,2774.0043,1,1,0.0032
ID112496_Pool02_MA10140C_6010_031524,Hex(5)HexNAc(4)NeuAc(2)Fuc(4),0,Complex/Hybrid,2789.004,1,2,0.0548
ID112496_Pool02_MA10140C_6010_031524,Hex(7)HexNAc(6)NeuAc(1)Fuc(1),0,Complex/Hybrid,2789.9992,2,2,0.0113
ID112496_Pool02_MA10140C_6010_031524,Hex(7)HexNAc(4)NeuAc(2)Fuc(2),0,Complex/Hybrid,2820.9938,3,4,0.0322
ID112496_Pool02_MA10140C_6010_031524,Hex(5)HexNAc(5)NeuAc(3)Fuc(1),0,Complex/Hybrid,2845.005,1,1,7.00E-04
ID112496_Pool02_MA10140C_6010_031524,Hex(6)HexNAc(5)NeuAc(2)Fuc(2),0,Complex/Hybrid,2862.0203,13,20,0.0794
ID112496_Pool02_MA10140C_6010_031524,Hex(6)HexNAc(5)NeuAc(1)Fuc(4),0,Complex/Hybrid,2863.0407,2,2,0.0204
ID112496_Pool02_MA10140C_6010_031524,Hex(7)HexNAc(6)NeuAc(1)Fuc(2),0,Complex/Hybrid,2936.0571,2,2,0.0049
ID112496_Pool02_MA10140C_6010_031524,Hex(8)HexNAc(6)NeuAc(1)Fuc(1),0,Complex/Hybrid,2952.052,3,4,0.0212
ID112496_Pool02_MA10140C_6010_031524,Hex(7)HexNAc(4)NeuAc(3)Fuc(1),0,Complex/Hybrid,2966.0313,1,1,9.00E-04
ID112496_Pool02_MA10140C_6010_031524,Hex(5)HexNAc(5)NeuAc(3)Fuc(2),0,Complex/Hybrid,2991.0629,2,3,0.0072
ID112496_Pool02_MA10140C_6010_031524,Hex(7)HexNAc(7)NeuAc(1)Fuc(1),0,Complex/Hybrid,2993.0786,1,1,0.0144
ID112496_Pool02_MA10140C_6010_031524,Hex(6)HexNAc(5)NeuAc(3)Fuc(1),0,Complex/Hybrid,3007.0578,36,72,8.2204
ID112496_Pool02_MA10140C_6010_031524,Hex(6)HexNAc(5)NeuAc(2)Fuc(3),0,Complex/Hybrid,3008.0782,5,5,0.0332
ID112496_Pool02_MA10140C_6010_031524,Hex(7)HexNAc(5)NeuAc(2)Fuc(2),0,Complex/Hybrid,3024.0731,11,17,0.2103
ID112496_Pool02_MA10140C_6010_031524,Hex(7)HexNAc(6)NeuAc(2)Fuc(1),0,Complex/Hybrid,3081.0946,6,11,0.2332
ID112496_Pool02_MA10140C_6010_031524,Hex(7)HexNAc(6)NeuAc(1)Fuc(3),0,Complex/Hybrid,3082.115,4,4,0.0222
ID112496_Pool02_MA10140C_6010_031524,Hex(5)HexNAc(7)NeuAc(2)Fuc(2),0,Complex/Hybrid,3106.1262,1,2,2.00E-04
ID112496_Pool02_MA10140C_6010_031524,Hex(7)HexNAc(7)NeuAc(1)Fuc(2),0,Complex/Hybrid,3139.1365,2,2,0.0086
ID112496_Pool02_MA10140C_6010_031524,Hex(6)HexNAc(5)NeuAc(3)Fuc(2),0,Complex/Hybrid,3153.1157,15,21,0.2822
ID112496_Pool02_MA10140C_6010_031524,Hex(8)HexNAc(7)NeuAc(1)Fuc(1),0,Complex/Hybrid,3155.1314,4,5,0.0651
ID112496_Pool02_MA10140C_6010_031524,Hex(6)HexNAc(6)NeuAc(3)Fuc(1),0,Complex/Hybrid,3210.1372,2,2,0.0014
ID112496_Pool02_MA10140C_6010_031524,Hex(7)HexNAc(6)NeuAc(2)Fuc(2),0,Complex/Hybrid,3227.1525,6,9,0.0543
ID112496_Pool02_MA10140C_6010_031524,Hex(7)HexNAc(6)NeuAc(1)Fuc(4),0,Complex/Hybrid,3228.1729,3,4,0.019
ID112496_Pool02_MA10140C_6010_031524,Hex(8)HexNAc(6)NeuAc(2)Fuc(1),0,Complex/Hybrid,3243.1474,2,2,0.0456
ID112496_Pool02_MA10140C_6010_031524,Hex(7)HexNAc(7)NeuAc(1)Fuc(3),0,Complex/Hybrid,3285.1944,1,1,0.0053
ID112496_Pool02_MA10140C_6010_031524,Hex(6)HexNAc(5)NeuAc(3)Fuc(3),0,Complex/Hybrid,3299.1736,1,1,0.0173
ID112496_Pool02_MA10140C_6010_031524,Hex(6)HexNAc(5)NeuAc(2)Fuc(5),0,Complex/Hybrid,3300.194,1,1,0.0067
ID112496_Pool02_MA10140C_6010_031524,Hex(8)HexNAc(7)NeuAc(1)Fuc(2),0,Complex/Hybrid,3301.1893,1,1,0.0011
ID112496_Pool02_MA10140C_6010_031524,Hex(6)HexNAc(6)NeuAc(3)Fuc(2),0,Complex/Hybrid,3356.1951,1,1,0.0044
ID112496_Pool02_MA10140C_6010_031524,Hex(8)HexNAc(8)NeuAc(1)Fuc(1),0,Complex/Hybrid,3358.2107,1,1,0.0082
ID112496_Pool02_MA10140C_6010_031524,Hex(7)HexNAc(6)NeuAc(3)Fuc(1),0,Complex/Hybrid,3372.19,7,13,0.5464
ID112496_Pool02_MA10140C_6010_031524,Hex(7)HexNAc(6)NeuAc(2)Fuc(3),0,Complex/Hybrid,3373.2104,3,4,0.0084
ID112496_Pool02_MA10140C_6010_031524,Hex(7)HexNAc(6)NeuAc(1)Fuc(5),0,Complex/Hybrid,3374.2308,1,1,0.0019
ID112496_Pool02_MA10140C_6010_031524,Hex(8)HexNAc(7)NeuAc(2)Fuc(1),0,Complex/Hybrid,3446.2268,2,2,0.039
ID112496_Pool02_MA10140C_6010_031524,Hex(8)HexNAc(7)NeuAc(1)Fuc(3),0,Complex/Hybrid,3447.2472,1,1,4.00E-04
ID112496_Pool02_MA10140C_6010_031524,Hex(7)HexNAc(6)NeuAc(3)Fuc(2),0,Complex/Hybrid,3518.2479,6,9,0.4415
ID112496_Pool02_MA10140C_6010_031524,Hex(9)HexNAc(8)NeuAc(1)Fuc(1),0,Complex/Hybrid,3520.2636,2,2,0.0115
ID112496_Pool02_MA10140C_6010_031524,Hex(8)HexNAc(6)NeuAc(3)Fuc(1),0,Complex/Hybrid,3534.2428,3,3,0.0433
ID112496_Pool02_MA10140C_6010_031524,Hex(8)HexNAc(6)NeuAc(2)Fuc(3),0,Complex/Hybrid,3535.2632,1,1,0.006
ID112496_Pool02_MA10140C_6010_031524,Hex(7)HexNAc(7)NeuAc(1)Fuc(5),0,Complex/Hybrid,3577.3102,1,1,0.008
ID112496_Pool02_MA10140C_6010_031524,Hex(8)HexNAc(7)NeuAc(2)Fuc(2),0,Complex/Hybrid,3592.2847,2,2,0.0106
ID112496_Pool02_MA10140C_6010_031524,Hex(8)HexNAc(8)NeuAc(1)Fuc(3),0,Complex/Hybrid,3650.3266,1,1,0.0017
ID112496_Pool02_MA10140C_6010_031524,Hex(7)HexNAc(6)NeuAc(4)Fuc(1),0,Complex/Hybrid,3663.2854,10,15,0.5777
ID112496_Pool02_MA10140C_6010_031524,Hex(7)HexNAc(6)NeuAc(3)Fuc(3),0,Complex/Hybrid,3664.3058,4,4,0.0604
ID112496_Pool02_MA10140C_6010_031524,Hex(9)HexNAc(8)NeuAc(1)Fuc(2),0,Complex/Hybrid,3666.3215,1,2,7.00E-04
ID112496_Pool02_MA10140C_6010_031524,Hex(8)HexNAc(6)NeuAc(3)Fuc(2),0,Complex/Hybrid,3680.3007,2,2,0.0217
ID112496_Pool02_MA10140C_6010_031524,Hex(8)HexNAc(6)NeuAc(2)Fuc(4),0,Complex/Hybrid,3681.3211,2,3,0.0033
ID112496_Pool02_MA10140C_6010_031524,Hex(7)HexNAc(7)NeuAc(2)Fuc(4),0,Complex/Hybrid,3722.3477,1,1,0.0049
ID112496_Pool02_MA10140C_6010_031524,Hex(8)HexNAc(7)NeuAc(3)Fuc(1),0,Complex/Hybrid,3737.3222,3,4,0.0487
ID112496_Pool02_MA10140C_6010_031524,Hex(8)HexNAc(7)NeuAc(2)Fuc(3),0,Complex/Hybrid,3738.3426,1,1,0.0087
ID112496_Pool02_MA10140C_6010_031524,Hex(8)HexNAc(7)NeuAc(1)Fuc(5),0,Complex/Hybrid,3739.363,1,2,0.0083
ID112496_Pool02_MA10140C_6010_031524,Hex(7)HexNAc(6)NeuAc(4)Fuc(2),0,Complex/Hybrid,3809.3433,4,4,0.0948
ID112496_Pool02_MA10140C_6010_031524,Hex(7)HexNAc(6)NeuAc(3)Fuc(4),0,Complex/Hybrid,3810.3637,1,1,0.0012
ID112496_Pool02_MA10140C_6010_031524,Hex(9)HexNAc(8)NeuAc(2)Fuc(1),0,Complex/Hybrid,3811.359,1,1,0.0088
ID112496_Pool02_MA10140C_6010_031524,Hex(8)HexNAc(7)NeuAc(3)Fuc(2),0,Complex/Hybrid,3883.3801,1,1,0.0128
ID112496_Pool02_MA10140C_6010_031524,Hex(10)HexNAc(9)NeuAc(1)Fuc(1),0,Complex/Hybrid,3885.3957,1,1,0.002
ID112496_Pool02_MA10140C_6010_031524,Hex(7)HexNAc(6)NeuAc(3)Fuc(5),0,Complex/Hybrid,3956.4216,1,1,0.0089
ID112496_Pool02_MA10140C_6010_031524,Hex(8)HexNAc(7)NeuAc(4)Fuc(1),0,Complex/Hybrid,4028.4176,1,1,0.0273
ID112496_Pool03_MA10140C_6010_031524,HexNAc(2),0,Truncated,406.1587,3,3,0.0044
ID112496_Pool03_MA10140C_6010_031524,Hex(2)HexNAc(2),0,Truncated,730.2644,1,1,0.005
ID112496_Pool03_MA10140C_6010_031524,Hex(3)HexNAc(2),0,Truncated,892.3172,1,1,0.006
ID112496_Pool03_MA10140C_6010_031524,Hex(5)HexNAc(2),0,Oligo-Mannose,1216.4228,2,2,0.0046
ID112496_Pool03_MA10140C_6010_031524,Hex(6)HexNAc(2),0,Oligo-Mannose,1378.4756,2,2,0.0133
ID112496_Pool03_MA10140C_6010_031524,Hex(7)HexNAc(2),0,Oligo-Mannose,1540.5284,2,2,0.0027
ID112496_Pool03_MA10140C_6010_031524,Hex(8)HexNAc(2),0,Oligo-Mannose,1702.5813,2,2,0.1147
ID112496_Pool03_MA10140C_6010_031524,Hex(9)HexNAc(2),0,Oligo-Mannose,1864.6341,3,3,3.0051
ID112496_Pool03_MA10140C_6010_031524,Hex(10)HexNAc(2),0,Oligo-Mannose,2026.6869,2,2,0.1159
ID112496_Pool03_MA10140C_6010_031524,Hex(12)HexNAc(2),0,Oligo-Mannose,2350.7925,8,11,0.0759
ID112496_Pool03_MA10140C_6010_031524,Hex(15)HexNAc(2),0,Oligo-Mannose,2836.951,1,1,0
ID112496_Pool03_MA10140C_6010_031524,Hex(3)HexNAc(3),0,Complex/Hybrid,1095.3965,1,1,0.0152
ID112496_Pool03_MA10140C_6010_031524,Hex(4)HexNAc(3),0,Complex/Hybrid,1257.4494,6,6,0.0903
ID112496_Pool03_MA10140C_6010_031524,Hex(4)HexNAc(4),0,Complex/Hybrid,1460.5287,1,1,1.00E-04
ID112496_Pool03_MA10140C_6010_031524,Hex(5)HexNAc(4),0,Complex/Hybrid,1622.5815,4,4,0.2033
ID112496_Pool03_MA10140C_6010_031524,Hex(5)HexNAc(5),0,Complex/Hybrid,1825.6609,1,1,8.00E-04
ID112496_Pool03_MA10140C_6010_031524,Hex(4)HexNAc(6),0,Complex/Hybrid,1866.6874,1,1,4.00E-04
ID112496_Pool03_MA10140C_6010_031524,Hex(8)HexNAc(3),0,Complex/Hybrid,1905.6606,2,2,0.0162
ID112496_Pool03_MA10140C_6010_031524,Hex(6)HexNAc(5),0,Complex/Hybrid,1987.7137,2,2,0.0026
ID112496_Pool03_MA10140C_6010_031524,Hex(7)HexNAc(6),0,Complex/Hybrid,2352.8459,2,4,0.011
ID112496_Pool03_MA10140C_6010_031524,Hex(9)HexNAc(5),0,Complex/Hybrid,2473.8722,1,1,0.001
ID112496_Pool03_MA10140C_6010_031524,Hex(4)HexNAc(9),0,Complex/Hybrid,2475.9255,1,1,0.0024
ID112496_Pool03_MA10140C_6010_031524,Hex(10)HexNAc(6),0,Complex/Hybrid,2839.0043,2,3,0.0035
ID112496_Pool03_MA10140C_6010_031524,Hex(9)HexNAc(7),0,Complex/Hybrid,2880.0309,2,2,0.0036
ID112496_Pool03_MA10140C_6010_031524,Hex(11)HexNAc(6),0,Complex/Hybrid,3001.0572,1,1,0.0059
ID112496_Pool03_MA10140C_6010_031524,Hex(3)HexNAc(3)Fuc(1),0,Complex/Hybrid,1241.4544,5,5,0.0072
ID112496_Pool03_MA10140C_6010_031524,Hex(4)HexNAc(3)Fuc(1),0,Complex/Hybrid,1403.5073,5,5,0.0516
ID112496_Pool03_MA10140C_6010_031524,Hex(3)HexNAc(4)Fuc(1),0,Complex/Hybrid,1444.5338,1,1,6.00E-04
ID112496_Pool03_MA10140C_6010_031524,Hex(4)HexNAc(4)Fuc(1),0,Complex/Hybrid,1606.5866,3,4,0.0092
ID112496_Pool03_MA10140C_6010_031524,Hex(5)HexNAc(4)Fuc(1),0,Complex/Hybrid,1768.6394,6,8,0.5969
ID112496_Pool03_MA10140C_6010_031524,Hex(5)HexNAc(4)Fuc(2),0,Complex/Hybrid,1914.6973,10,11,0.0721
ID112496_Pool03_MA10140C_6010_031524,Hex(6)HexNAc(4)Fuc(1),0,Complex/Hybrid,1930.6923,3,3,0.0721
ID112496_Pool03_MA10140C_6010_031524,Hex(5)HexNAc(5)Fuc(1),0,Complex/Hybrid,1971.7188,3,5,0.0725
ID112496_Pool03_MA10140C_6010_031524,Hex(5)HexNAc(4)Fuc(3),0,Complex/Hybrid,2060.7552,6,9,0.0338
ID112496_Pool03_MA10140C_6010_031524,Hex(6)HexNAc(4)Fuc(2),0,Complex/Hybrid,2076.7502,1,1,0.0035
ID112496_Pool03_MA10140C_6010_031524,Hex(6)HexNAc(5)Fuc(1),0,Complex/Hybrid,2133.7716,1,1,0.001
ID112496_Pool03_MA10140C_6010_031524,Hex(5)HexNAc(4)Fuc(4),0,Complex/Hybrid,2206.8131,6,6,0.0084
ID112496_Pool03_MA10140C_6010_031524,Hex(5)HexNAc(5)Fuc(3),0,Complex/Hybrid,2263.8346,1,2,0.0126
ID112496_Pool03_MA10140C_6010_031524,Hex(6)HexNAc(5)Fuc(2),0,Complex/Hybrid,2279.8295,9,9,0.044
ID112496_Pool03_MA10140C_6010_031524,Hex(5)HexNAc(4)Fuc(5),0,Complex/Hybrid,2352.871,2,2,0.0041
ID112496_Pool03_MA10140C_6010_031524,Hex(6)HexNAc(5)Fuc(3),0,Complex/Hybrid,2425.8874,1,1,7.00E-04
ID112496_Pool03_MA10140C_6010_031524,Hex(7)HexNAc(6)Fuc(2),0,Complex/Hybrid,2644.9617,1,1,0.0111
ID112496_Pool03_MA10140C_6010_031524,Hex(9)HexNAc(6)Fuc(1),0,Complex/Hybrid,2823.0094,1,1,1.00E-04
ID112496_Pool03_MA10140C_6010_031524,Hex(7)HexNAc(7)Fuc(2),0,Complex/Hybrid,2848.0411,1,1,0.0164
ID112496_Pool03_MA10140C_6010_031524,Hex(6)HexNAc(5)Fuc(6),0,Complex/Hybrid,2864.0611,2,4,0.0107
ID112496_Pool03_MA10140C_6010_031524,Hex(7)HexNAc(7)Fuc(3),0,Complex/Hybrid,2994.099,1,1,0.0028
ID112496_Pool03_MA10140C_6010_031524,Hex(8)HexNAc(8)Fuc(1),0,Complex/Hybrid,3067.1153,1,1,0.0065
ID112496_Pool03_MA10140C_6010_031524,Hex(10)HexNAc(6)Fuc(2),0,Complex/Hybrid,3131.1202,1,1,0.0032
ID112496_Pool03_MA10140C_6010_031524,Hex(7)HexNAc(7)Fuc(4),0,Complex/Hybrid,3140.1569,1,1,0.0171
ID112496_Pool03_MA10140C_6010_031524,Hex(8)HexNAc(8)Fuc(2),0,Complex/Hybrid,3213.1732,1,1,0.0074
ID112496_Pool03_MA10140C_6010_031524,Hex(9)HexNAc(8)Fuc(1),0,Complex/Hybrid,3229.1682,1,1,5.00E-04
ID112496_Pool03_MA10140C_6010_031524,Hex(4)HexNAc(3)NeuAc(1),0,Complex/Hybrid,1548.5448,26,43,0.5971
ID112496_Pool03_MA10140C_6010_031524,Hex(5)HexNAc(3)NeuAc(1),0,Complex/Hybrid,1710.5976,1,1,0.0016
ID112496_Pool03_MA10140C_6010_031524,Hex(4)HexNAc(4)NeuAc(1),0,Complex/Hybrid,1751.6241,2,2,0.0088
ID112496_Pool03_MA10140C_6010_031524,Hex(6)HexNAc(3)NeuAc(1),0,Complex/Hybrid,1872.6504,4,5,0.0297
ID112496_Pool03_MA10140C_6010_031524,Hex(3)HexNAc(4)NeuAc(2),0,Complex/Hybrid,1880.6667,2,2,0.0013
ID112496_Pool03_MA10140C_6010_031524,Hex(5)HexNAc(4)NeuAc(1),0,Complex/Hybrid,1913.6769,45,79,7.4309
ID112496_Pool03_MA10140C_6010_031524,Hex(5)HexNAc(4)NeuGc(1),0,Complex/Hybrid,1929.6719,1,1,0.001
ID112496_Pool03_MA10140C_6010_031524,Hex(4)HexNAc(5)NeuAc(1),0,Complex/Hybrid,1954.7035,1,1,7.00E-04
ID112496_Pool03_MA10140C_6010_031524,Hex(6)HexNAc(4)NeuAc(1),0,Complex/Hybrid,2075.7298,8,8,0.0457
ID112496_Pool03_MA10140C_6010_031524,Hex(5)HexNAc(5)NeuAc(1),0,Complex/Hybrid,2116.7563,2,3,0.0677
ID112496_Pool03_MA10140C_6010_031524,Hex(5)HexNAc(4)NeuAc(2),0,Complex/Hybrid,2204.7723,71,137,38.4709
ID112496_Pool03_MA10140C_6010_031524,Hex(5)HexNAc(4)NeuGc(2),0,Complex/Hybrid,2236.7622,1,1,0.01
ID112496_Pool03_MA10140C_6010_031524,Hex(7)HexNAc(4)NeuAc(1),0,Complex/Hybrid,2237.7826,1,1,0.0021
ID112496_Pool03_MA10140C_6010_031524,Hex(6)HexNAc(5)NeuAc(1),0,Complex/Hybrid,2278.8091,13,19,0.2329
ID112496_Pool03_MA10140C_6010_031524,Hex(6)HexNAc(4)NeuAc(2),0,Complex/Hybrid,2366.8252,4,5,0.0313
ID112496_Pool03_MA10140C_6010_031524,Hex(6)HexNAc(4)NeuAc(1)NeuGc(1),0,Complex/Hybrid,2382.8201,1,1,0.0173
ID112496_Pool03_MA10140C_6010_031524,Hex(5)HexNAc(5)NeuAc(2),0,Complex/Hybrid,2407.8517,4,6,0.0274
ID112496_Pool03_MA10140C_6010_031524,Hex(7)HexNAc(4)NeuAc(2),0,Complex/Hybrid,2528.878,2,2,0.0043
ID112496_Pool03_MA10140C_6010_031524,Hex(6)HexNAc(5)NeuAc(2),0,Complex/Hybrid,2569.9045,30,53,3.2867
ID112496_Pool03_MA10140C_6010_031524,Hex(7)HexNAc(6)NeuAc(1),0,Complex/Hybrid,2643.9413,4,5,0.0972
ID112496_Pool03_MA10140C_6010_031524,Hex(7)HexNAc(5)NeuAc(2),0,Complex/Hybrid,2731.9573,1,1,0.0032
ID112496_Pool03_MA10140C_6010_031524,Hex(6)HexNAc(6)NeuAc(2),0,Complex/Hybrid,2772.9839,2,2,0.0059
ID112496_Pool03_MA10140C_6010_031524,Hex(5)HexNAc(7)NeuAc(2),0,Complex/Hybrid,2814.0104,1,1,8.00E-04
ID112496_Pool03_MA10140C_6010_031524,Hex(6)HexNAc(5)NeuAc(3),0,Complex/Hybrid,2860.9999,43,86,14.9966
ID112496_Pool03_MA10140C_6010_031524,Hex(8)HexNAc(5)NeuAc(2),0,Complex/Hybrid,2894.0102,1,1,8.00E-04
ID112496_Pool03_MA10140C_6010_031524,Hex(7)HexNAc(6)NeuAc(2),0,Complex/Hybrid,2935.0367,6,12,0.5253
ID112496_Pool03_MA10140C_6010_031524,Hex(8)HexNAc(7)NeuAc(1),0,Complex/Hybrid,3009.0735,6,8,0.0584
ID112496_Pool03_MA10140C_6010_031524,Hex(7)HexNAc(5)NeuAc(3),0,Complex/Hybrid,3023.0527,3,3,0.0134
ID112496_Pool03_MA10140C_6010_031524,Hex(6)HexNAc(5)NeuAc(4),0,Complex/Hybrid,3152.0953,2,3,0.0108
ID112496_Pool03_MA10140C_6010_031524,Hex(8)HexNAc(8)NeuAc(1),0,Complex/Hybrid,3212.1528,1,1,0.0057
ID112496_Pool03_MA10140C_6010_031524,Hex(7)HexNAc(6)NeuAc(3),0,Complex/Hybrid,3226.1321,9,20,1.3543
ID112496_Pool03_MA10140C_6010_031524,Hex(8)HexNAc(7)NeuAc(2),0,Complex/Hybrid,3300.1689,3,4,0.0055
ID112496_Pool03_MA10140C_6010_031524,Hex(6)HexNAc(6)NeuAc(4),0,Complex/Hybrid,3355.1747,1,1,0.0053
ID112496_Pool03_MA10140C_6010_031524,Hex(7)HexNAc(7)NeuAc(3),0,Complex/Hybrid,3429.2115,1,1,0.0059
ID112496_Pool03_MA10140C_6010_031524,Hex(11)HexNAc(7)NeuAc(1),0,Complex/Hybrid,3495.2319,1,2,0.0309
ID112496_Pool03_MA10140C_6010_031524,Hex(8)HexNAc(8)NeuAc(2),0,Complex/Hybrid,3503.2482,1,1,0.012
ID112496_Pool03_MA10140C_6010_031524,Hex(7)HexNAc(6)NeuAc(4),0,Complex/Hybrid,3517.2275,10,17,1.1332
ID112496_Pool03_MA10140C_6010_031524,Hex(10)HexNAc(8)NeuAc(1),0,Complex/Hybrid,3536.2585,1,1,0.0061
ID112496_Pool03_MA10140C_6010_031524,Hex(8)HexNAc(7)NeuAc(3),0,Complex/Hybrid,3591.2643,3,4,0.0818
ID112496_Pool03_MA10140C_6010_031524,Hex(7)HexNAc(6)NeuAc(5),0,Complex/Hybrid,3808.3229,3,6,0.0227
ID112496_Pool03_MA10140C_6010_031524,Hex(8)HexNAc(7)NeuAc(4),0,Complex/Hybrid,3882.3597,2,2,0.0648
ID112496_Pool03_MA10140C_6010_031524,Hex(8)HexNAc(8)NeuAc(4),0,Complex/Hybrid,4085.4391,1,2,0.001
ID112496_Pool03_MA10140C_6010_031524,Hex(8)HexNAc(7)NeuAc(5),0,Complex/Hybrid,4173.4551,1,2,0.0115
ID112496_Pool03_MA10140C_6010_031524,Hex(4)HexNAc(3)NeuAc(1)Fuc(1),0,Complex/Hybrid,1694.6027,5,7,0.0372
ID112496_Pool03_MA10140C_6010_031524,Hex(5)HexNAc(3)NeuAc(1)Fuc(1),0,Complex/Hybrid,1856.6555,2,2,0.0191
ID112496_Pool03_MA10140C_6010_031524,Hex(4)HexNAc(4)NeuAc(1)Fuc(1),0,Complex/Hybrid,1897.682,5,5,0.1028
ID112496_Pool03_MA10140C_6010_031524,Hex(4)HexNAc(3)NeuAc(2)Fuc(1),0,Complex/Hybrid,1985.6981,1,1,0.0036
ID112496_Pool03_MA10140C_6010_031524,Hex(6)HexNAc(3)NeuAc(1)Fuc(1),0,Complex/Hybrid,2018.7083,3,3,0.0273
ID112496_Pool03_MA10140C_6010_031524,Hex(5)HexNAc(4)NeuAc(1)Fuc(1),0,Complex/Hybrid,2059.7348,25,31,3.0603
ID112496_Pool03_MA10140C_6010_031524,Hex(4)HexNAc(5)NeuAc(1)Fuc(1),0,Complex/Hybrid,2100.7614,2,3,0.0689
ID112496_Pool03_MA10140C_6010_031524,Hex(5)HexNAc(4)NeuAc(1)Fuc(2),0,Complex/Hybrid,2205.7927,20,26,0.1392
ID112496_Pool03_MA10140C_6010_031524,Hex(6)HexNAc(4)NeuAc(1)Fuc(1),0,Complex/Hybrid,2221.7877,12,13,0.2369
ID112496_Pool03_MA10140C_6010_031524,Hex(5)HexNAc(5)NeuAc(1)Fuc(1),0,Complex/Hybrid,2262.8142,10,13,1.3436
ID112496_Pool03_MA10140C_6010_031524,Hex(4)HexNAc(4)NeuAc(2)Fuc(2),0,Complex/Hybrid,2334.8353,1,1,0.0021
ID112496_Pool03_MA10140C_6010_031524,Hex(5)HexNAc(4)NeuAc(2)Fuc(1),0,Complex/Hybrid,2350.8302,45,71,3.5836
ID112496_Pool03_MA10140C_6010_031524,Hex(5)HexNAc(4)NeuAc(1)Fuc(3),0,Complex/Hybrid,2351.8506,12,14,0.0796
ID112496_Pool03_MA10140C_6010_031524,Hex(5)HexNAc(4)NeuAc(1)NeuGc(1)Fuc(1),0,Complex/Hybrid,2366.8252,1,1,0.0281
ID112496_Pool03_MA10140C_6010_031524,Hex(6)HexNAc(4)NeuAc(1)Fuc(2),0,Complex/Hybrid,2367.8456,3,3,0.0272
ID112496_Pool03_MA10140C_6010_031524,Hex(5)HexNAc(4)NeuGc(2)Fuc(1),0,Complex/Hybrid,2382.8201,1,1,0.0391
ID112496_Pool03_MA10140C_6010_031524,Hex(5)HexNAc(5)NeuAc(1)Fuc(2),0,Complex/Hybrid,2408.8721,3,4,0.0208
ID112496_Pool03_MA10140C_6010_031524,Hex(6)HexNAc(5)NeuAc(1)Fuc(1),0,Complex/Hybrid,2424.867,8,11,0.1698
ID112496_Pool03_MA10140C_6010_031524,Hex(6)HexNAc(3)NeuAc(2)Fuc(2),0,Complex/Hybrid,2455.8616,2,2,0.0056
ID112496_Pool03_MA10140C_6010_031524,Hex(5)HexNAc(6)NeuAc(1)Fuc(1),0,Complex/Hybrid,2465.8936,1,1,8.00E-04
ID112496_Pool03_MA10140C_6010_031524,Hex(5)HexNAc(4)NeuAc(2)Fuc(2),0,Complex/Hybrid,2496.8881,5,5,0.0332
ID112496_Pool03_MA10140C_6010_031524,Hex(6)HexNAc(4)NeuAc(2)Fuc(1),0,Complex/Hybrid,2512.8831,1,1,0.0089
ID112496_Pool03_MA10140C_6010_031524,Hex(5)HexNAc(5)NeuAc(2)Fuc(1),0,Complex/Hybrid,2553.9096,5,8,0.2329
ID112496_Pool03_MA10140C_6010_031524,Hex(5)HexNAc(5)NeuAc(1)Fuc(3),0,Complex/Hybrid,2554.93,1,2,0.0057
ID112496_Pool03_MA10140C_6010_031524,Hex(6)HexNAc(5)NeuAc(1)Fuc(2),0,Complex/Hybrid,2570.9249,7,12,0.0907
ID112496_Pool03_MA10140C_6010_031524,Hex(7)HexNAc(5)NeuAc(1)Fuc(1),0,Complex/Hybrid,2586.9198,1,1,0.006
ID112496_Pool03_MA10140C_6010_031524,Hex(6)HexNAc(6)NeuAc(1)Fuc(1),0,Complex/Hybrid,2627.9464,1,1,0.006
ID112496_Pool03_MA10140C_6010_031524,Hex(5)HexNAc(4)NeuAc(2)Fuc(3),0,Complex/Hybrid,2642.9461,3,3,0.027
ID112496_Pool03_MA10140C_6010_031524,Hex(6)HexNAc(5)NeuAc(2)Fuc(1),0,Complex/Hybrid,2715.9624,22,39,1.3727
ID112496_Pool03_MA10140C_6010_031524,Hex(6)HexNAc(5)NeuAc(1)Fuc(3),0,Complex/Hybrid,2716.9828,6,7,0.035
ID112496_Pool03_MA10140C_6010_031524,Hex(8)HexNAc(5)NeuAc(1)Fuc(1),0,Complex/Hybrid,2748.9727,1,1,0.0014
ID112496_Pool03_MA10140C_6010_031524,Hex(5)HexNAc(6)NeuAc(1)Fuc(3),0,Complex/Hybrid,2758.0094,1,1,0.0056
ID112496_Pool03_MA10140C_6010_031524,Hex(5)HexNAc(4)NeuAc(2)Fuc(4),0,Complex/Hybrid,2789.004,1,1,0.0048
ID112496_Pool03_MA10140C_6010_031524,Hex(7)HexNAc(6)NeuAc(1)Fuc(1),0,Complex/Hybrid,2789.9992,3,3,0.0235
ID112496_Pool03_MA10140C_6010_031524,Hex(7)HexNAc(4)NeuAc(2)Fuc(2),0,Complex/Hybrid,2820.9938,2,2,0.0013
ID112496_Pool03_MA10140C_6010_031524,Hex(6)HexNAc(5)NeuAc(2)Fuc(2),0,Complex/Hybrid,2862.0203,16,21,0.1856
ID112496_Pool03_MA10140C_6010_031524,Hex(7)HexNAc(5)NeuAc(2)Fuc(1),0,Complex/Hybrid,2878.0152,1,1,0.0022
ID112496_Pool03_MA10140C_6010_031524,Hex(6)HexNAc(6)NeuAc(2)Fuc(1),0,Complex/Hybrid,2919.0418,1,1,0.0068
ID112496_Pool03_MA10140C_6010_031524,Hex(7)HexNAc(6)NeuAc(1)Fuc(2),0,Complex/Hybrid,2936.0571,2,2,0.2258
ID112496_Pool03_MA10140C_6010_031524,Hex(8)HexNAc(6)NeuAc(1)Fuc(1),0,Complex/Hybrid,2952.052,3,3,0.0095
ID112496_Pool03_MA10140C_6010_031524,Hex(5)HexNAc(5)NeuAc(3)Fuc(2),0,Complex/Hybrid,2991.0629,3,4,0.014
ID112496_Pool03_MA10140C_6010_031524,Hex(7)HexNAc(7)NeuAc(1)Fuc(1),0,Complex/Hybrid,2993.0786,1,1,0.002
ID112496_Pool03_MA10140C_6010_031524,Hex(6)HexNAc(5)NeuAc(3)Fuc(1),0,Complex/Hybrid,3007.0578,35,69,7.924
ID112496_Pool03_MA10140C_6010_031524,Hex(6)HexNAc(5)NeuAc(2)Fuc(3),0,Complex/Hybrid,3008.0782,4,4,0.063
ID112496_Pool03_MA10140C_6010_031524,Hex(7)HexNAc(5)NeuAc(2)Fuc(2),0,Complex/Hybrid,3024.0731,12,17,0.146
ID112496_Pool03_MA10140C_6010_031524,Hex(7)HexNAc(6)NeuAc(2)Fuc(1),0,Complex/Hybrid,3081.0946,8,13,0.2758
ID112496_Pool03_MA10140C_6010_031524,Hex(6)HexNAc(5)NeuAc(3)Fuc(2),0,Complex/Hybrid,3153.1157,16,22,0.3412
ID112496_Pool03_MA10140C_6010_031524,Hex(6)HexNAc(5)NeuAc(2)Fuc(4),0,Complex/Hybrid,3154.1361,2,2,0.0065
ID112496_Pool03_MA10140C_6010_031524,Hex(8)HexNAc(7)NeuAc(1)Fuc(1),0,Complex/Hybrid,3155.1314,3,3,0.0225
ID112496_Pool03_MA10140C_6010_031524,Hex(7)HexNAc(6)NeuAc(2)Fuc(2),0,Complex/Hybrid,3227.1525,4,5,0.0306
ID112496_Pool03_MA10140C_6010_031524,Hex(7)HexNAc(6)NeuAc(1)Fuc(4),0,Complex/Hybrid,3228.1729,2,2,0.0019
ID112496_Pool03_MA10140C_6010_031524,Hex(8)HexNAc(6)NeuAc(2)Fuc(1),0,Complex/Hybrid,3243.1474,2,2,0.0331
ID112496_Pool03_MA10140C_6010_031524,Hex(7)HexNAc(7)NeuAc(1)Fuc(3),0,Complex/Hybrid,3285.1944,1,1,0.0047
ID112496_Pool03_MA10140C_6010_031524,Hex(6)HexNAc(5)NeuAc(3)Fuc(3),0,Complex/Hybrid,3299.1736,2,2,0.0015
ID112496_Pool03_MA10140C_6010_031524,Hex(8)HexNAc(7)NeuAc(1)Fuc(2),0,Complex/Hybrid,3301.1893,1,1,0.0211
ID112496_Pool03_MA10140C_6010_031524,Hex(6)HexNAc(6)NeuAc(2)Fuc(4),0,Complex/Hybrid,3357.2155,1,1,6.00E-04
ID112496_Pool03_MA10140C_6010_031524,Hex(8)HexNAc(8)NeuAc(1)Fuc(1),0,Complex/Hybrid,3358.2107,1,1,0.0081
ID112496_Pool03_MA10140C_6010_031524,Hex(7)HexNAc(6)NeuAc(3)Fuc(1),0,Complex/Hybrid,3372.19,7,13,0.5659
ID112496_Pool03_MA10140C_6010_031524,Hex(7)HexNAc(6)NeuAc(2)Fuc(3),0,Complex/Hybrid,3373.2104,1,1,7.00E-04
ID112496_Pool03_MA10140C_6010_031524,Hex(8)HexNAc(6)NeuAc(1)Fuc(4),0,Complex/Hybrid,3390.2257,1,2,0.0225
ID112496_Pool03_MA10140C_6010_031524,Hex(8)HexNAc(7)NeuAc(2)Fuc(1),0,Complex/Hybrid,3446.2268,2,2,0.033
ID112496_Pool03_MA10140C_6010_031524,Hex(8)HexNAc(7)NeuAc(1)Fuc(3),0,Complex/Hybrid,3447.2472,1,1,9.00E-04
ID112496_Pool03_MA10140C_6010_031524,Hex(7)HexNAc(6)NeuAc(3)Fuc(2),0,Complex/Hybrid,3518.2479,7,9,0.1339
ID112496_Pool03_MA10140C_6010_031524,Hex(9)HexNAc(8)NeuAc(1)Fuc(1),0,Complex/Hybrid,3520.2636,2,2,0.0106
ID112496_Pool03_MA10140C_6010_031524,Hex(8)HexNAc(6)NeuAc(3)Fuc(1),0,Complex/Hybrid,3534.2428,1,1,0.0234
ID112496_Pool03_MA10140C_6010_031524,Hex(8)HexNAc(6)NeuAc(2)Fuc(3),0,Complex/Hybrid,3535.2632,1,2,0.0039
ID112496_Pool03_MA10140C_6010_031524,Hex(9)HexNAc(6)NeuAc(2)Fuc(2),0,Complex/Hybrid,3551.2581,1,1,0.0037
ID112496_Pool03_MA10140C_6010_031524,Hex(8)HexNAc(7)NeuAc(2)Fuc(2),0,Complex/Hybrid,3592.2847,1,1,0.0041
ID112496_Pool03_MA10140C_6010_031524,Hex(7)HexNAc(6)NeuAc(4)Fuc(1),0,Complex/Hybrid,3663.2854,11,15,0.6836
ID112496_Pool03_MA10140C_6010_031524,Hex(7)HexNAc(6)NeuAc(3)Fuc(3),0,Complex/Hybrid,3664.3058,3,3,0.0584
ID112496_Pool03_MA10140C_6010_031524,Hex(8)HexNAc(6)NeuAc(3)Fuc(2),0,Complex/Hybrid,3680.3007,1,1,0.0153
ID112496_Pool03_MA10140C_6010_031524,Hex(8)HexNAc(6)NeuAc(2)Fuc(4),0,Complex/Hybrid,3681.3211,2,3,0.0044
ID112496_Pool03_MA10140C_6010_031524,Hex(7)HexNAc(7)NeuAc(2)Fuc(4),0,Complex/Hybrid,3722.3477,1,1,0.0065
ID112496_Pool03_MA10140C_6010_031524,Hex(8)HexNAc(7)NeuAc(3)Fuc(1),0,Complex/Hybrid,3737.3222,3,5,0.0599
ID112496_Pool03_MA10140C_6010_031524,Hex(8)HexNAc(7)NeuAc(2)Fuc(3),0,Complex/Hybrid,3738.3426,1,2,0.0178
ID112496_Pool03_MA10140C_6010_031524,Hex(7)HexNAc(6)NeuAc(4)Fuc(2),0,Complex/Hybrid,3809.3433,5,7,0.1516
ID112496_Pool03_MA10140C_6010_031524,Hex(8)HexNAc(7)NeuAc(2)Fuc(4),0,Complex/Hybrid,3884.4005,1,1,0.0026
ID112496_Pool03_MA10140C_6010_031524,Hex(7)HexNAc(6)NeuAc(3)Fuc(5),0,Complex/Hybrid,3956.4216,1,1,0.0081
ID112496_Pool03_MA10140C_6010_031524,Hex(8)HexNAc(7)NeuAc(4)Fuc(1),0,Complex/Hybrid,4028.4176,1,1,0.0257
ID112496_Pool03_MA10140C_6010_031524,Hex(9)HexNAc(8)NeuAc(3)Fuc(1),0,Complex/Hybrid,4102.4544,1,1,0.0075
