"Scan/Ion","p106555_Total","p106556_Total","p106557_Total","p106558_Total","t106555_Total","t106556_Total","t106557_Total","t106558_Total","p106555_%Total","p106556_%Total","p106557_%Total","p106558_%Total","t106555_%Total","t106556_%Total","t106557_%Total","t106558_%Total"
"MS/MS Scans","14318","14394","14397","14375","14469","14457","14442","14509","100","100","100","100","100","100","100","100"
"MS/MS Scans with OxoIons","14112","14226","14153","14195","13846","14115","13952","14099","98.56125157144852","98.8328470195915","98.30520247273736","98.74782608695652","95.69424286405417","97.63436397592862","96.60711812768314","97.17416775794334"
"Likely Glyco","12983","13377","13082","13198","5364","8064","6433","7267","90.67607207710574","92.9345560650271","90.86615267069529","91.81217391304348","37.07236160066349","55.77920730442001","44.54369200941698","50.08615342201392"
"OxoCount_1","51","29","32","64","478","310","341","317","0.35619499930157844","0.20147283590384882","0.22226852816559006","0.4452173913043478","3.3036146243693416","2.144289963339559","2.3611688131837694","2.184850782273072"
"OxoCount_2","49","9","33","26","449","266","366","284","0.3422265679564185","0.06252605252188412","0.22921441967076475","0.1808695652173913","3.1031861220540464","1.8399391298332988","2.534275031159119","1.9574057481563167"
"OxoCount_3","51","16","27","45","358","276","330","276","0.35619499930157844","0.11115742670557177","0.18753907063971662","0.3130434782608696","2.4742553044439837","1.9091097738119942","2.2850020772746156","1.9022675580674064"
"OxoCount_4","42","15","25","33","406","254","314","279","0.2933370582483587","0.10421008753647354","0.17364728762936724","0.22956521739130434","2.8059990324141264","1.7569343570588642","2.174214097770392","1.9229443793507477"
"OxoCount_5+","13919","14157","14036","14027","12155","13009","12601","12943","97.2132979466406","98.35348061692372","97.49253316663193","97.57913043478261","84.00718778077268","89.9840907518849","87.25245810829524","89.2066992900958"
"84.0444, HexNAc - C2H8O4","0","0","0","0","0","0","0","0","0","0","0","0","0","0","0","0"
"126.055, HexNAc - C2H6O3","13927","14154","14054","14060","12976","13502","13321","13505","97.26917167202124","98.33263859941643","97.61755921372509","97.80869565217391","89.68138779459535","93.39420350003459","92.23791718598532","93.08015714384176"
"138.055, HexNAc - CH6O3","14082","14207","14132","14156","13296","13742","13511","13728","98.35172510127113","98.70084757537863","98.15933875112871","98.47652173913043","91.89301264772963","95.05429895552328","93.55352444259798","94.61713419257013"
"144.0655, HexNAc - C2H4O2","13511","13928","13749","13638","10721","11917","11354","11785","94.36373795222796","96.76253994720022","95.4990623046468","94.87304347826087","74.09634390766466","82.43065642941136","78.61791995568481","81.22544627472604"
"168.0655, HexNAc - 2H2O","13975","14173","14061","14059","12373","13110","12776","13078","97.60441402430507","98.4646380436293","97.66618045426131","97.80173913043478","85.51385721197042","90.68271425606972","88.4642016341227","90.13715624784616"
"186.0761, HexNAc - H2O","13849","14120","13993","13963","11831","12740","12308","12693","96.72440284956","98.09642906766707","97.19385983190942","97.13391304347826","81.76791761697422","88.12340042885799","85.22365323362415","87.48363084981735"
"204.0867, HexNAc","14022","14187","14091","14105","12643","13331","12970","13238","97.93267216091634","98.56190079199666","97.87455719941654","98.12173913043478","87.37991568180247","92.2113854879989","89.80750588561142","91.23992004962437"
"85.0284, Hex - C2H6O3","0","0","0","0","0","0","0","0","0","0","0","0","0","0","0","0"
"97.0284, Hex - CH6O3","0","0","0","0","0","0","0","0","0","0","0","0","0","0","0","0"
"127.0390, Hex - 2H2O","10936","12141","11739","11509","6557","8695","7594","8286","76.37938259533455","84.34764485202167","81.53782037924567","80.06260869565217","45.317575506254755","60.14387493947568","52.582744772192214","57.10938038458887"
"145.0495, Hex - H2O","8388","9947","9502","9356","3277","5666","4344","5170","58.58360106160079","69.10518271502015","65.9998610821699","65.08521739130435","22.64842076162831","39.19208687832884","30.07893643539676","35.6330553449583"
"163.0601, Hex","7033","8409","8261","8028","2077","3674","2817","3369","49.11998882525492","58.42017507294705","57.380009724248104","55.84695652173913","14.354827562374734","25.413294597772705","19.505608641462402","23.220070301192365"
"Sialic: 274.0921, NeuAc-H2O","13780","14055","13879","13908","11850","12775","12272","12676","96.24249196815198","97.6448520216757","96.4020282003195","96.75130434782608","81.89923284262906","88.36549768278343","84.97438027973965","87.36646219587843"
"Sialic: 292.1027, NeuAc","13456","13862","13613","13615","10535","11817","11129","11578","93.97960609023606","96.30401556203974","94.55442105994304","94.71304347826087","72.81083696178035","81.7389499896244","77.05996399390666","79.79874560617549"
"Sialic: 316.103, NeuAc[Ac] - H2O","20","51","13","54","55","77","61","84","0.13968431345159937","0.35431429762401","0.09029658956727095","0.3756521739130435","0.3801230216324556","0.532613958635955","0.42237917185985324","0.5789509959335585"
"Sialic: 334.113, NeuAc[Ac]","8","15","2","13","62","83","67","77","0.055873725380639755","0.10421008753647354","0.013891783010349379","0.09043478260869565","0.4285023152947681","0.5741163450231721","0.46392466417393713","0.530705079605762"
"Sialic: 290.0870, NeuGc - H2O","262","211","217","221","32","28","30","30","1.829864506215952","1.4658885646797277","1.5072584566229075","1.537391304347826","0.2211624853134287","0.19367780314034724","0.2077274615704196","0.20676821283341376"
"Sialic: 308.0976, NeuGc","119","87","100","91","45","29","33","32","0.8311216650370163","0.6044185077115465","0.694589150517469","0.6330434782608696","0.3110097449720091","0.2005948675382168","0.2285002077274616","0.22055276035564134"
"Sialic: 332.098, NeuGc[Ac] - H2O","8","13","6","15","38","61","47","40","0.055873725380639755","0.09031540919827706","0.04167534903104814","0.10434782608695652","0.2626304513096966","0.42194092827004215","0.3254396897936574","0.27569095044455166"
"Sialic: 350.1081, NeuGc[Ac]","5","6","1","4","31","33","34","28","0.03492107836289984","0.041684035014589414","0.0069458915051746895","0.027826086956521737","0.21425115764738406","0.22826312512969496","0.23542445644647556","0.19298366531118616"
"M6P: 243.0264, Man-P","112","82","107","98","29","31","39","33","0.7822321553289565","0.5696818118660553","0.7432103910536917","0.6817391304347826","0.20042850231529477","0.21442899633395585","0.2700457000415455","0.22744503411675512"
"M6P: 405.0798, Man2-P","34","24","32","31","5","3","7","6","0.23746333286771898","0.16673614005835766","0.22226852816559006","0.21565217391304345","0.03455663833022324","0.020751193193608634","0.04846974103309791","0.041353642566682745"
"Oligo: 325.1129, Hex2","797","992","1010","1025","378","525","487","544","5.566419891046236","6.891760455745449","7.0153504202264365","7.130434782608695","2.6124818577648767","3.631458808881511","3.372109126159812","3.7493969260459026"
"Oligo: 366.1395, HexNAc-Hex","13932","14148","14032","14011","11367","12433","11874","12217","97.30409275038413","98.29095456440183","97.46474960061123","97.46782608695652","78.5610615799295","85.99986165871204","82.21852928957209","84.20290853952719"
"Oligo: 407.1660, HexNAc2","922","1543","1201","1500","634","1132","804","981","6.439446850118731","10.719744337918577","8.342015697714801","10.434782608695652","4.381781740272307","7.830116898388324","5.567095970087245","6.76132055965263"
"Oligo: 454.1555, Hex-NeuAc","8579","10314","9423","9777","4593","7126","5588","6421","59.91758625506356","71.6548561900792","65.45113565326109","68.01391304347825","31.743727970143066","49.291000899218375","38.69270184185016","44.255289820111656"
"Oligo: 470.1503, Hex-NeuGc","39","30","38","38","292","231","264","287","0.27238441123061885","0.20842017507294708","0.2639438771966382","0.26434782608695656","2.018107678485037","1.5978418759078648","1.8280016618196928","1.978082569439658"
"Oligo: 495.1821, HexNAc-NeuAc","2152","3703","2568","3283","2841","4555","3451","3982","15.030032127392094","25.725996943170763","17.8370493852886","22.838260869565215","19.635081899232844","31.50722833229577","23.895582329317268","27.445034116755117"
"Oligo: 511.1769, HexNAc-NeuGc","294","144","202","157","49","49","57","56","2.053359407738511","1.0004168403501459","1.4030700840452872","1.0921739130434782","0.3386550556361877","0.3389361554956077","0.39468217698379726","0.3859673306223723"
"Oligo: 528.1923, HexNAc-Hex2","11990","12972","12630","12330","6027","8485","7274","7974","83.74074591423383","90.12088370154231","87.72660971035633","85.77391304347826","41.654571843251084","58.69129141592309","50.36698518210774","54.958990971121366"
"Oligo: 537.1927, HexNAc-NeuAc[Ac]","38","26","34","24","115","101","115","129","0.26540019555803884","0.18063081839655412","0.2361603111759394","0.16695652173913045","0.7948026815951346","0.698623504184824","0.7962886026866085","0.8891033151836791"
"Oligo: 553.1875, HexNAc-NeuGc[Ac]","5","9","6","5","101","133","114","121","0.03492107836289984","0.06252605252188412","0.04167534903104814","0.034782608695652174","0.6980440942705094","0.9199695649166494","0.7893643539675945","0.8339651250947688"
"Oligo: 569.2188, HexNAc2-Hex","2939","4254","3178","4157","1104","2223","1340","1922","20.52660986171253","29.553980825343896","22.07404320344516","28.918260869565216","7.630105743313291","15.376634156463997","9.278493283478742","13.246950168860709"
"Oligo: 657.2349, HexNAc-Hex-NeuAc","13013","13547","13198","13205","8604","10390","9416","9894","90.88559854728314","94.1156037237738","91.67187608529555","91.8608695652174","59.46506323864814","71.86829909386456","65.1987259382357","68.19215659245985"
"Oligo: 673.2297, HexNAc-Hex-NeuGc","115","91","94","92","50","44","44","32","0.8031848023466964","0.6322078643879394","0.6529138014864208","0.64","0.3455663833022324","0.30435083350625997","0.30466694363661545","0.22055276035564134"
"Oligo: 690.2451, HexNAc-Hex3","6809","8582","7924","7879","2626","4483","3326","3987","47.55552451459701","59.62206474920105","55.03924428700424","54.810434782608695","18.149146451033243","31.009199695649166","23.03005123944052","27.479495485560683"
"Oligo: 731.2717, HexNAc2-Hex2 (diLacNAc)","6284","7846","6732","7210","2104","3915","2643","3355","43.888811286492526","54.50882312074475","46.75974161283601","50.15652173913043","14.541433409357937","27.080307117659263","18.300789364353967","23.12357846853677"
"Oligo: 819.2877, HexNAc-Hex2-NeuAc","5143","7303","5942","6727","2294","4228","2919","3662","35.91982120407879","50.736417951924416","41.272487323748","46.796521739130434","15.85458566590642","29.245348274192434","20.21188201080183","25.239506513198705"
"Oligo: 835.2825, HexNAc-Hex2-NeuGc","18","16","18","16","22","20","31","20","0.12571588210643944","0.11115742670557177","0.1250260470931444","0.11130434782608695","0.15204920865298224","0.13834128795739087","0.21465171028943358","0.13784547522227583"
"Oligo: 860.3143, HexNAc2-Hex-NeuAc","14","21","12","30","46","53","48","47","0.09777901941611956","0.14589412255106293","0.08335069806209627","0.20869565217391303","0.3179210726380538","0.3666044130870858","0.3323639385126714","0.3239368667723482"
"Oligo: 876.3091, HexNAc2-Hex-NeuGc","5","4","6","2","41","32","36","37","0.03492107836289984","0.027789356676392943","0.04167534903104814","0.013913043478260868","0.28336443430783054","0.22134606073182542","0.24927295388450355","0.25501412916121025"
"Oligo: 893.3245, HexNAc2-Hex3","5582","7707","6560","6869","2213","4002","2840","3526","38.98589188434139","53.5431429762401","45.56504827394596","47.78434782608696","15.294768124956803","27.682091720273917","19.66486636199972","24.30215728168723"
"Oligo: 948.3303, HexNAc-Hex-NeuAc2","428","756","513","571","675","1267","883","921","2.989244307864227","5.252188411838266","3.5632423421546155","3.972173913043478","4.665146174580137","8.763920592100712","6.114111618889351","6.347784133985803"
"Oligo: 964.3251, HexNAc-Hex-NeuGc2","2","2","1","6","19","12","18","17","0.013968431345159939","0.013894678338196471","0.0069458915051746895","0.04173913043478261","0.1313152256548483","0.08300477277443453","0.12463647694225177","0.11716865393893446"
"Oligo: 1022.3671, HexNAc2-Hex2-NeuAc1","271","587","304","380","135","326","165","191","1.8927224472691715","4.078088092260664","2.1115510175731056","2.6434782608695655","0.9330292349160274","2.254962993705471","1.1425010386373078","1.3164242883727342"
"Oligo: 1038.3619, HexNAc2-Hex2-NeuGc1","8","11","13","13","31","28","33","25","0.055873725380639755","0.07642073086008058","0.09029658956727095","0.09043478260869565","0.21425115764738406","0.19367780314034724","0.2285002077274616","0.1723068440278448"
"Oligo: 1313.4625, HexNAc2-Hex2-NeuAc2","5","16","9","7","50","41","37","52","0.03492107836289984","0.11115742670557177","0.0625130235465722","0.04869565217391304","0.3455663833022324","0.2835996403126513","0.2561972026035175","0.35839823557791717"
"Oligo: 1329.4573, HexNAc2-Hex2-NeuGc2","1","4","4","4","47","18","29","35","0.006984215672579969","0.027789356676392943","0.027783566020698758","0.027826086956521737","0.3248324003040984","0.12450715916165178","0.2008032128514056","0.2412295816389827"
"Fucose: 350.1446, HexNAc-dHex","900","673","1197","1366","758","681","972","1107","6.285794105321972","4.675559260803112","8.314232131694103","9.502608695652173","5.238786370861843","4.710520854949159","6.730369754881595","7.629747053552967"
"Fucose: 512.1974, HexNAc-Hex-dHex (LeX/A)","4478","2951","4594","5570","1387","891","1559","2315","31.2753177818131","20.501597888008895","31.90942557477252","38.74782608695652","9.586011472803925","6.163104378501764","10.794903752942805","15.955613756978426"
"Fucose: 674.2502, HexNAc-Hex2-dHex","195","212","319","318","179","137","194","228","1.361922056153094","1.472835903848826","2.215739390150726","2.212173913043478","1.2371276522219918","0.9476378225081276","1.3433042514887135","1.5714384175339446"
"Fucose: 803.2928, HexNAc-Hex-dHex-NeuAc (sLeX/A)","2093","753","2267","3162","1004","411","1157","1779","14.617963402709877","5.231346394330972","15.746336042231022","21.996521739130433","6.9389729767088255","2.842913467524383","8.011355767899182","12.261355021021435"
"Fucose: 819.2908, HexNAc-Hex-dHex-NeuGc","5134","7299","5933","6723","2303","4229","2924","3660","35.85696326302556","50.708628595248015","41.20997430020143","46.76869565217391","15.916787614900823","29.2522653385903","20.2465032543969","25.225721965676478"
"Fucose: 877.3296, HexNAc2-Hex2-dHex (diLacNAc-Fuc)","203","89","176","153","98","77","98","93","1.4177957815337336","0.618313186049743","1.2224769049107453","1.0643478260869565","0.6773101112723754","0.532613958635955","0.6785763744633707","0.6409814597835826"
