ID,logFC,Pvalue
ROA3_S116_M1_2_116,16.24444828,0.000761688
SMIM1_S6_M1_2_6,6.19168583,0.002530093
CCS_S267_M1_2_267,5.214534842,0.002530093
F1142_T207_M1_2_207,14.39019188,0.002530093
ROA1_S95_M1_2_95,6.362698006,0.007164779
EPB41_S200_M1_2_200,15.92179523,0.007164779
ARPC5_T5_M1_2_5,6.34115717,0.007519347
SYUA_S42,5.62980777,0.013017538
HEP2_T64_M1_2_64,-1.120835998,0.009556546
SYUA_S87,4.780887383,0.022103986
SYUA_T22,1.811809006,0.026229805
LASP1_T104_M1_2_104,1.663589837,0.009556546
MBP_S26_M1_2_26,3.122139357,0.009723707
KAP0_S83_M1_2_83,-0.458853274,0.009723707
SYUA_T44,6.082682084,0.015339608
BABA1_T27_M1_2_27,1.325233296,0.009723707
DBNL_S232_M1_2_232,2.066271548,0.009723707
RUVB2_T3_M1_2_3,2.677426262,0.009723707
CHSP1_S52_M1_2_52,2.930729222,0.009723707
ANK1_S759_M1_2_759,-0.482407728,0.010275311
YBOX3_S324_M1_2_324,4.574995194,0.010275311
GDIR2_Y24_M1_2_24,4.337109466,0.010275311
GAPD1_T938_M1_2_938,2.475715451,0.010275311
C2C2L_S667_M1_2_667,-3.158755411,0.010298619
SPTA1_Y610_M1_2_610,4.960328173,0.010298619
ANK1_T1380_M1_2_1380,-0.607273999,0.010298619
ADDB_S2_M2_2_2,1.700976036,0.010298619
SH3G1_S288_M1_2_288,1.323490924,0.010298619
CLN6_S31_M1_2_31,2.552401785,0.010298619
PKHF2_S226_M1_2_226,2.935244383,0.010536778
EF2_T59_M2_2_57;59,5.413077683,0.011405598
SYUA_T54,5.046888614,0.009723707
SMIM1_S28_M1_2_28,-1.819206886,0.012968738
EPB41_S712_M1_2_712,-0.476053607,0.012968738
SYUA_T64,4.393462437,0.012968738
GRP2_S578_M2_2_576;578,13.76297765,0.012968738
CHSP1_T50_M1_2_50,2.720936996,0.012968738
SYUA_T72,2.529090135,0.008376065
RN123_S9_M1_2_9,4.926523803,0.013017538
TYB4_T23_M1_2_23,3.270696982,0.013140641
EPB41_Y660_M1_2_660,3.322593829,0.013563538
MOB1B_T35_M1_2_35,5.728046599,0.013563538
UBXN6_T78_M1_2_78,-2.908733403,0.013563538
SPTB1_S3_M2_2_3,2.775112917,0.013599186
GSH1_S8_M1_2_8,-1.05092826,0.014380728
IF2B_T322_M1_2_322,2.90512732,0.014629801
NP1L1_T39_M1_2_39,13.31293529,0.014629801
AHNK_T4430_M1_2_4430,1.522738447,0.014629801
GAPD1_S939_M1_2_939,2.585621399,0.014629801
RABE1_T408_M1_2_408,-0.767052748,0.014629801
MARE1_S140_M1_2_140,4.256404002,0.014629801
UBE2O_S515_M1_2_515,1.813488674,0.014629801
MTMRC_S564_M1_2_564,2.217912147,0.014629801
ADDB_T5_M2_2_5,1.710783584,0.014907018
SPTB1_Y16_M1_2_16,3.438154073,0.015339608
ADDB_T5_M1_2_5,-1.546537581,0.015339608
TAGL2_S11_M1_2_11,3.129720724,0.015339608
SYUA_T75,3.181627027,0.011405598
ZYX_T270_M1_2_270,5.623645033,0.015339608
SVIP_S46_M1_2_46,3.680648871,0.015339608
SMIM1_S22_M1_2_22,-1.364894365,0.015356699
ANCHR_S463_M1_2_463,-0.6837376,0.015356699
NSF1C_Y167_M1_2_167,2.829001418,0.015356699
STMN1_T146_M1_2_146,4.140996994,0.015546702
KT3K_T127_M1_2_127,5.823487228,0.015546702
IMA3_S60_M1_2_60,1.590454568,0.015852259
IF4B_S354_M1_2_354,4.049812185,0.015852259
ADDB_S11_M1_2_11,-0.900089681,0.015852259
4EBP2_S14_M1_2_14,0.49548277,0.015852259
RGAP1_T405_M1_2_405,1.761548283,0.015852259
DBNL_T291_M1_2_291,2.419076954,0.015852259
JAM1_S284_M1_2_284,3.417412918,0.015852259
MOB1B_S38_M1_2_38,5.435224036,0.016445834
ACSA_S30_M1_2_30,-0.835842371,0.0165148
NRBP_T433_M1_2_433,-0.4791071,0.0165148
UBP15_T237_M1_2_237,1.969188418,0.0165148
GDIB_Y442_M1_2_442,5.754303029,0.016713371
FYB1_S225_M1_2_225,2.707442078,0.016767205
ROCK2_S1374_M1_2_1374,3.094224735,0.016767205
EPB41_T591_M1_2_591,7.415993251,0.016767205
RAB2B_S192_M1_2_192,2.730594248,0.016767205
TB10B_S678_M1_2_678,-1.10165461,0.016894067
PCNP_T80_M1_2_80,2.746398796,0.016978386
IF4B_S352_M1_2_352,4.001347118,0.017109556
IF4B_S422_M1_2_422,2.855312427,0.017109556
STK11_S31_M1_2_31,-2.929489616,0.017109556
DBNL_S269_M1_2_269,4.63575355,0.017109556
VIME_S7_M1_2_7,3.676263579,0.017495665
VIME_S5_M1_2_5,4.025601384,0.017495665
STMN1_S38_M1_2_38,-0.518502737,0.017495665
ADDB_S697_M1_2_697,-0.673558611,0.017495665
ATG2A_S403_M1_2_403,2.488780914,0.018203719
SPTB1_S2125_M1_2_2125,-2.233318036,0.018344896
IF4B_S283_M1_2_283,2.872277265,0.018344896
IF4B_S424_M1_2_424,2.509717144,0.018344896
VASP_S239_M1_2_239,2.612791127,0.018344896
GDIR2_S44_M1_2_44,1.273545026,0.018344896
OPTN_S177_M1_2_177,1.08841525,0.018344896
ADDB_T439_M1_2_439,1.845170021,0.019318484
SPTB1_S2124_M1_2_2124,-2.215714851,0.019504571
A2MG_S710_M1_2_710,2.97535036,0.019726338
T22D4_T229_M1_2_229,-1.043834535,0.019726338
GNL1_S51_M1_2_51,-2.887955707,0.020473675
VAMP8_S18_M1_2_18,3.852668186,0.020473675
VIME_S420_M1_2_420,4.259328945,0.020680307
SPTB1_T5_M2_2_5,2.62098206,0.020680307
LAP2B_T160_M1_2_160,1.131647082,0.020680307
RD23B_S160_M1_2_160,-0.599619898,0.020680307
ASAP1_S843_M1_2_843,-1.851253922,0.020680307
MARK3_T541_M2_2_541,2.696733363,0.020734784
WNK1_S1261_M1_2_1261,-1.262478784,0.020734784
ANK1_T961_M1_2_961,-0.5370038,0.021104286
PML_S403_M1_2_403,-0.632515888,0.021104286
UBP5_S785_M1_2_785,2.550970286,0.021104286
UBR4_S2718_M1_2_2718,-0.502920994,0.021104286
MARK2_S456_M1_2_456,1.23269634,0.021104286
CL16A_S863_M1_2_863,1.53895974,0.021555362
MICA3_S977_M1_2_977,-0.796990878,0.021599965
GDIR2_T2_M1_2_2,1.520952996,0.021610374
WDR44_S561_M1_2_561,-0.911063808,0.021610374
OTU1_S139_M1_2_139,5.686497422,0.021610374
OXSR1_S355_M1_2_355,4.685088377,0.022103986
SYUA_T81,5.181278893,0.065001422
DEMA_S92_M1_2_92,-0.887162797,0.02229382
SYUA_T92,2.064360154,0.022866598
VIME_S430_M1_2_430,3.950045181,0.023152365
LASP1_S146_M1_2_146,1.339197748,0.023152365
EPB41_S505_M1_2_505,7.141935493,0.023513229
OXSR1_T430_M1_2_430,-1.364817493,0.023550643
EPB41_T494_M1_2_494,2.021874916,0.023550643
IF4B_S359_M1_2_359,2.607455553,0.023550643
RD23B_T159_M1_2_159,-0.599415688,0.023550643
KPBB_S27_M1_2_27,1.045438401,0.023550643
YBOX3_S168_M1_2_168,1.272294826,0.023967554
MILK2_S143_M1_2_143,-0.545396717,0.024823635
BABA1_S29_M1_2_29,0.509272138,0.024823635
OXSR1_S427_M1_2_427,-1.493134261,0.025564413
WNK1_T1941_M1_2_1941,3.987094505,0.025564413
MEP50_T5_M1_2_5,-0.662293958,0.025577857
B3AT_T746_M1_2_746,-0.48496664,0.02571064
UBR4_S2719_M1_2_2719,-0.46846403,0.025919399
ZCCHV_S378_M1_2_378,-1.132531018,0.025919399
TENS1_S1497_M1_2_1497,0.607060341,0.025919399
SYUA_Y125,4.173140968,0.009556546
B3AT_S350_M1_2_350,0.583706369,0.026242458
PPME1_S25_M1_2_25,2.411647552,0.026242458
SGTA_S301_M1_2_301,0.620615687,0.026697019
H14_T18_M1_2_18,1.843136109,0.026924595
WNK1_S1266_M1_2_1266,-1.581902404,0.026924595
EP15R_S229_M1_2_229,-0.764032316,0.026924595
T22D4_S225_M1_2_225,-0.969442457,0.026924595
KPCB_S11_M1_2_11,1.918696955,0.027282843
JAM1_S287_M2_2_284;287,3.009863004,0.027282843
ADDA_T565_M1_2_565,2.797598742,0.027561624
TAOK3_S442_M1_2_442,1.505433152,0.027641718
URP2_S345_M1_2_345,4.615430376,0.027966208
VIME_T426_M1_2_426,4.140321265,0.028109889
GLPA_S148_M1_2_148,-0.274880115,0.028438517
APT_S66_M1_2_66,-0.46602189,0.028480182
TENS1_S1032_M1_2_1032,2.433313965,0.028480182
FCERG_T78_M1_2_78,4.814687402,0.02977833
MARK3_T564_M1_2_564,2.832496992,0.030028494
CSN1_S483_M1_2_483,2.524434406,0.030028494
TLN1_T144_M1_2_144,3.837988245,0.030028494
ADDB_T490_M1_2_490,5.421503008,0.030491501
HAP28_S178_M1_2_178,3.502844489,0.030491501
DOK3_S330_M1_2_330,-1.425858138,0.030491501
PAXX_S148_M1_2_148,0.806622837,0.030491501
GAPD1_S1103_M1_2_1103,1.466535732,0.030651523
YBOX3_S370_M1_2_370,1.058638428,0.031130166
HMHA1_S23_M1_2_23,1.152330639,0.031130166
MISSL_S6_M1_2_6,2.046516542,0.031150845
ICAL_S540_M1_2_540,3.362760975,0.031328712
STMN1_S38_M2_2_31;38,2.176816771,0.031355089
FCERG_Y65_M1_2_65,2.815624487,0.031355089
ADDA_T566_M1_2_566,2.102478286,0.031667467
ZYX_S13_M1_2_13,1.151398137,0.031668806
CAH1_S86_M1_2_86,-0.477409415,0.031678493
ANK1_S429_M1_2_429,-0.207829944,0.031678493
ANK1_S1690_M2_2_1690,2.378972687,0.031678493
ANK1_T1763_M1_2_1763,2.847789189,0.031678493
ADDB_S592_M1_2_592,-0.484684643,0.031678493
GAPD1_S1105_M1_2_1105,1.466176773,0.031678493
RABE1_S407_M1_2_407,-0.980852645,0.031678493
ITSN1_S904_M1_2_904,-0.924553364,0.031678493
EFHD2_S74_M1_2_74,2.724774082,0.031678493
T22D4_S380_M1_2_380,-1.385116944,0.031678493
T22D4_T211_M1_2_211,1.243884952,0.031678493
SC22B_S137_M1_2_137,1.407265116,0.032276507
AHNK_S1298_M1_2_1298;2092;2287,3.618869959,0.032276507
ATG3_Y18_M1_2_18,3.165929301,0.032276507
ABCF1_S228_M1_2_228,-1.069789973,0.033373738
PPME1_S22_M1_2_22,1.871524862,0.033373738
TLN1_T150_M1_2_150,6.547973949,0.034040879
PDYN_S101_M1_2_101,1.315652662,0.034526295
TLS1_S261_M1_2_261,-0.360051621,0.034526295
ABHGA_T32_M1_2_32,1.428925649,0.034996916
ANK1_T1378_M1_2_1378,-0.681720654,0.034996916
ANK1_S1690_M3_2_1690,5.000909532,0.034996916
ADDB_S701_M1_2_701,-0.810719086,0.034996916
DEMA_S156_M1_2_156,-0.372376806,0.034996916
FHOD1_S523_M1_2_523,0.99812709,0.034996916
SPTB1_S17_M1_2_17,2.323266863,0.035136199
UBE2O_S1227_M1_2_1227,-0.256525302,0.035136199
CAVN2_T296_M1_2_296,5.625979951,0.035222414
SPTA1_S2269_M1_2_2269,-0.534383339,0.035222414
CATA_T511_M1_2_511,3.598993725,0.035222414
ANK1_S1653_M1_2_1653,0.735959483,0.035222414
HBA_S4_M1_2_4,-0.35181965,0.035222414
DEMA_S92_M2_2_92,-0.945657961,0.035222414
STIM1_S575_M1_2_575,4.364004889,0.035222414
DDI2_S194_M1_2_194,4.585875419,0.035222414
T22D4_S62_M1_2_62,-0.507822677,0.035222414
RD23B_S160_M2_2_160,3.590726046,0.035397706
ADDB_S600_M1_2_600,-0.644096424,0.035416759
TAGL2_S163_M1_2_163,1.371698539,0.035458927
ICLN_S102_M1_2_102,-0.627901711,0.036630336
ANK1_T1688_M2_2_1688,2.251430612,0.037191366
VASP_T316_M1_2_316,3.01053322,0.037639858
DEMA_S96_M2_2_96,-0.925906315,0.037907073
DEMA_S16_M1_2_16,-0.498577246,0.037907073
CHM2A_S203_M1_2_203,2.596139373,0.039005766
B3AT_Y904_M1_2_904,5.081016681,0.039005766
PLPL6_T359_M1_2_359,-1.069285826,0.039005766
BIN2_S263_M2_2_259;263,3.643909614,0.039005766
STK25_T168_M1_2_168;184,2.275623539,0.039307046
ADDB_Y31_M1_2_31,4.643284058,0.039307046
PANK2_S189_M1_2_189,1.113955346,0.039442982
LASP1_S99_M1_2_99,4.227305921,0.039644351
CCNY_S326_M1_2_326,-0.745225316,0.039700416
SPTB1_S2124_M2_2_2124,1.464246412,0.040292774
SPTB1_S2123_M2_2_2123,1.388449788,0.040292774
SPTB1_S2105_M1_2_2105,-1.590841648,0.040292774
AHNK_S1042_M1_2_1042,0.981690815,0.040292774
UBAC1_S98_M1_2_98,-0.553557101,0.040292774
IMA4_S56_M1_2_56,0.380209133,0.040424387
IF2B_S13_M2_2_2;13,3.102758535,0.041298367
ZYX_S259_M1_2_259,2.315220914,0.041298367
ASAP1_S839_M1_2_839,1.708418139,0.041652058
SPTB1_S2060_M1_2_2060,-0.523716211,0.041655291
PCARE_S1040_M1_2_1040,-1.106889201,0.042945866
VIME_Y38_M1_2_38,6.70903075,0.043949149
T22D4_S187_M1_2_187,-0.671009454,0.043949149
LAT4_T268_M1_2_268,5.394426468,0.044130583
PUR8_S9_M1_2_9,-0.371177748,0.044595023
DEMA_T159_M1_2_159,-0.343495172,0.045696586
SPTB1_S2125_M2_2_2125,1.420809426,0.046242005
SRC8_Y421_M1_2_421,-1.436228874,0.046746009
HMGN1_S7_M1_2_7,3.472874437,0.0476358
SPTB1_S36_M1_2_36,-0.761121467,0.0476358
ADDB_S535_M1_2_535,-12.5302146,0.0476358
VIME_S39_M1_2_39,2.603270847,0.047836944
HUWE1_S2595_M1_2_2595,3.296374222,0.047836944
GTR1_S465_M1_2_465,1.69697854,0.047993761
PYRG1_S574_M1_2_574,-0.842484572,0.047993761
MAP2_T30_M1_2_30,1.661969465,0.047993761
TYB4_S31_M1_2_31,2.294636001,0.047993761
CHSP1_S32_M1_2_32,-0.527278498,0.048841178
ABI1_S222_M1_2_222,1.932919916,0.049360911
BAG6_S1081_M1_2_1081,-0.307441989,0.05003401
ADDG_S681_M1_2_681,-1.279314791,0.05003401
TENS1_S1024_M1_2_1024,2.611404846,0.050065454
UBP24_S2047_M1_2_2047,-0.498141518,0.050065454
DEMA_S152_M1_2_152,0.895103576,0.050533436
AQP1_S247_M1_2_247,-0.754506049,0.050585963
ANK1_S1686_M2_2_1686,2.296026577,0.050647928
GPSM3_S39_M1_2_39,-0.859498412,0.051326479
PSN1_S365_M1_2_365,0.694105819,0.05221935
ADDB_T675_M1_2_675,2.005465769,0.052449901
SPTB1_S2128_M2_2_2128,1.595877835,0.052629551
IMA4_S60_M1_2_60,0.374146064,0.053270708
EVL_S242_M1_2_242,1.812974607,0.053496211
DDI2_S106_M1_2_106,0.763191928,0.053720286
ADDA_T11_M1_2_11,-0.416645037,0.054122709
ALDOA_S39_M1_2_39,-0.746154066,0.054581258
P4K2A_S47_M2_2_47,-0.561097406,0.054581258
EPB41_T851_M1_2_851,3.866744113,0.055381003
SYAP1_T248_M1_2_248,-0.648690757,0.055530516
ANK1_T1693_M3_2_1686;1693,3.093867225,0.05602015
CAVN2_T296_M2_2_296,11.53264225,0.056531056
CBX3_S95_M1_2_95,-0.287822147,0.056531056
TENS1_Y1028_M1_2_1028,2.917431943,0.056531056
UBP15_S229_M1_2_229,-0.818143476,0.056531056
HUWE1_S1907_M1_2_1907,-0.571619335,0.056756924
ADDA_S12_M1_2_12,-0.421838581,0.057476041
DEMA_S113_M2_2_110;113,1.228093153,0.059405036
SPTB1_S2114_M1_2_2114,-1.10979437,0.059945791
NDKA_S125_M1_2_125,-0.387816466,0.059945791
WNK1_T73_M2_2_73,3.592081769,0.059945791
CAH2_S29_M1_2_29,-0.320268492,0.060128892
GP1BA_S644_M1_2_644,-0.172536527,0.061063452
NDKA_S120_M1_2_120,-0.415136929,0.061063452
PML_S504_M1_2_504,-1.770387526,0.061063452
DEMA_S96_M1_2_96,-0.982208481,0.061063452
WNK1_T72_M2_2_72,4.55931203,0.061063452
T22D4_S233_M2_2_233,1.600185772,0.061505878
ZYX_Y20_M1_2_20,0.939408596,0.061683313
JUPI2_S69_M1_2_69,2.593567752,0.062524735
CAVN2_S264_M1_2_264,-2.308633146,0.06388097
CAH2_S50_M1_2_50,-0.372380529,0.06388097
ADDB_T629_M1_2_629,2.16240935,0.06388097
CAH2_S151_M1_2_151,-0.303784218,0.064093531
LYN_T398_M1_2_398,2.417103385,0.064093531
STMN1_S16_M1_2_16,3.078624155,0.064093531
MOES_T558_M1_2_558,4.311310191,0.064093531
PAK2_S197_M1_2_197,2.763195262,0.064093531
CUL4A_S10_M1_2_10,1.978370305,0.064093531
AMPD2_S46_M1_2_46,2.196664107,0.064370717
RD23B_T159_M2_2_159,4.306852593,0.064629479
KPYR_S2_M1_2_2,1.976918691,0.065001422
SYUA_Y39,5.26795343,0.009556546
DNJB2_S313_M3_2_308;311;313,1.942137268,0.065059783
OXSR1_T310_M1_2_310,1.856472472,0.065594823
ANK1_S1686_M1_2_1686,-0.502609225,0.065594823
FLNA_S11_M1_2_11,4.59306156,0.065594823
ADDA_T568_M1_2_568,2.008344889,0.065594823
GSH1_S5_M1_2_5,-1.333450117,0.065594823
SPTB2_S2184_M1_2_2184,11.732879,0.065594823
DEMA_S156_M2_2_152;156,1.030599069,0.065594823
ASAP1_S757_M1_2_757,3.648500368,0.065946301
TS101_T220_M1_2_220,3.430000306,0.066051462
HNRPD_S83_M1_2_83,-0.26726276,0.066113955
SPTB1_T2098_M1_2_2098,-1.486906105,0.066298306
KPYR_S9_M1_2_9,3.610304372,0.066298306
RHG01_S51_M1_2_51,-0.423666628,0.066605653
PYRG1_S575_M1_2_575,-0.813818976,0.066773168
ANK1_S1428_M1_2_1428,-0.532051781,0.067423291
NP1L4_S125_M1_2_125,-0.809422667,0.067423291
EP15R_S372_M1_2_372,0.858691793,0.067423291
HNRH1_S104_M1_2_104,0.478611593,0.068270493
FCHO2_S493_M2_2_493,-0.765987666,0.068670818
WNK1_S174_M1_2_174,-1.040757815,0.068670818
BMP2K_T935_M1_2_935,2.379176383,0.069258818
TENS1_S1223_M1_2_1223,0.347702685,0.069397942
EPB41_T859_M1_2_859,12.10605026,0.070795735
SGTA_T81_M1_2_81,-0.725590182,0.071181126
B3AT_Y359_M2_2_359,4.04686617,0.071181126
IBP1_S199_M1_2_199,-1.116156755,0.071217868
TLS1_T253_M1_2_253,-0.296240268,0.071700253
TAGL2_T180_M1_2_180,2.266095951,0.071809639
NDKA_S99_M2_2_94;99,0.368123193,0.071896076
ANK1_S1387_M1_2_1387,1.105563806,0.071896076
XK_S415_M1_2_415,0.71648725,0.071896076
PLSL_S5_M1_2_5,1.459965998,0.072935022
HAP28_S63_M2_2_63,-0.901991552,0.072935022
URP2_T347_M1_2_347,2.480633357,0.072935022
S12A6_S1029_M1_2_1029,-0.55662827,0.072935022
KC1A_T321_M1_2_321,0.661996644,0.073020825
ANCHR_S354_M1_2_354,-0.330878692,0.073127249
HEM2_S214_M1_2_214,-0.285223238,0.073429971
PAK2_T60_M1_2_60,3.938957149,0.073429971
APOA1_S228_M1_2_228,0.649273761,0.073576396
DEMA_S246_M1_2_246,2.3199274,0.073576396
LIMS1_T321_M1_2_321,5.357762056,0.075018467
FCHO2_S488_M2_2_488,-0.841575759,0.075018467
OXSR1_S312_M1_2_312,1.681954132,0.075407902
EM55_T407_M1_2_407,1.912137468,0.075407902
FCHO2_S496_M2_2_496,-0.816658435,0.075407902
WNK1_T71_M1_2_71,1.665564715,0.075407902
DBNL_S160_M1_2_160,4.26319856,0.075407902
SH3G1_S2_M1_2_2,13.07104695,0.076000163
TENS1_S1504_M1_2_1504,1.161024532,0.076000163
ICAL_S133_M1_2_133,3.980090061,0.076699199
AP1M1_T154_M1_2_154,2.967446414,0.076699199
EM55_Y48_M1_2_48,4.015718595,0.077107114
TMC8_S656_M1_2_656,-0.270395027,0.077926632
EH1L1_S1017_M1_2_1017,-0.162468604,0.077926632
CAH1_S88_M1_2_88,-0.33556348,0.078091237
DEMA_T284_M1_2_284,5.172279364,0.078091237
PANK2_S168_M1_2_168,0.996508473,0.078091237
CD2AP_T465_M1_2_465,0.555852167,0.078091237
WNK1_T71_M2_2_71,3.390082153,0.078215738
PBIR1_S62_M1_2_62,0.266518543,0.078289974
MARK2_S595_M1_2_595,3.47670039,0.078429497
TLN1_T142_M1_2_142,2.100682191,0.078429497
TENS1_S1228_M1_2_1228,0.597956739,0.078529933
TLN1_S2338_M1_2_2338,2.603045485,0.078885465
PYR1_S1859_M1_2_1859,3.179695822,0.079078424
XK_S416_M1_2_416,0.636749975,0.079515129
GBF1_S1305_M1_2_1305,-0.662062203,0.079855178
TGFI1_S418_M1_2_418,0.373339344,0.079944942
EIF3J_S20_M2_2_20,0.304732805,0.079944942
HNRPK_S379_M1_2_379,2.450181793,0.079944942
EM55_T403_M1_2_403,1.888409754,0.079944942
TENS1_S1485_M1_2_1485,-0.321282185,0.079944942
SH3G1_T298_M1_2_298,2.659058503,0.080088182
EPB41_S578_M1_2_578,3.10266361,0.080146622
WDR44_S403_M1_2_403,-0.437257278,0.080146622
LCP2_S234_M1_2_234,3.047920896,0.080479396
PSD11_S14_M1_2_14,1.274539454,0.081217103
CALD1_S129_M1_2_129,5.774419544,0.081624931
AHSP_S102_M1_2_102,1.074680984,0.081624931
ZYX_S288_M1_2_288,2.965186057,0.083038102
RAF1_S621_M1_2_582;621,-0.282712765,0.083154878
AHNK_T4100_M1_2_4100,1.489321962,0.083154878
WDR44_S563_M1_2_563,-0.91745145,0.083437702
TBA1B_T334_M1_2_334,4.056531676,0.083641026
CHSP1_S17_M1_2_17,12.24531515,0.084150958
EPB41_S521_M1_2_521,3.11036208,0.084607773
PCNP_S87_M1_2_87,3.880789337,0.08496317
WNK1_T72_M1_2_72,1.68923622,0.08496317
ADDB_S522_M1_2_522,3.392845693,0.085889746
C1R_S541_M1_2_541,1.930512288,0.085933164
KPYR_S26_M1_2_26,1.661352012,0.08661071
ADDB_S528_M1_2_528,-2.064630187,0.087918289
VIME_S412_M1_2_412,4.419259196,0.088130815
RAB6A_S2_M1_2_2,0.741594868,0.088326227
RN123_S675_M1_2_675,-1.423006478,0.088326227
SHIP1_S971_M1_2_971,0.995744442,0.088326227
A2AP_S459_M1_2_459,2.135464274,0.089213253
LBR_S99_M1_2_99,1.69041068,0.089213253
HNRPD_S82_M1_2_82,-0.246449906,0.089509991
MYCT1_T219_M1_2_219,0.904202161,0.089509991
KC1A_T323_M1_2_323,0.775068288,0.089903935
DTD1_S197_M1_2_197,-0.718454831,0.089903935
CHSP1_S32_M2_2_30;32,-0.761160194,0.089903935
G3P_S210_M1_2_210,-0.522214504,0.089934493
ANK1_S856_M1_2_856,-0.394440706,0.090328402
PURA_S182_M1_2_182,3.472032998,0.090328402
NP1L4_S121_M1_2_121,-0.762010482,0.090802798
SKP1_T131_M1_2_131,-0.512203978,0.091002954
SYNJ1_T1220_M1_2_1220,-0.570839723,0.091272841
APOA1_S60_M1_2_60,1.181207172,0.091272841
SPTB1_T2110_M1_2_2110,-1.524897129,0.091272841
INF2_S607_M1_2_607,9.09053201,0.091272841
DEMA_T284_M2_2_279;284,1.050237816,0.091419008
PKHF2_S224_M1_2_224,3.317077822,0.091419008
GAPD1_T762_M1_2_762,-1.895344788,0.093500635
NP1L4_T117_M1_2_117,-0.724769497,0.09425188
PML_S505_M1_2_505,-1.165943317,0.094714494
HS90B_S255_M1_2_255,-0.44835229,0.094714974
INF2_T561_M1_2_561,2.526834438,0.09495724
SCRN2_T52_M1_2_52,-0.59531463,0.09495724
HEM2_S215_M1_2_215,-0.311796289,0.095372045
HBG1_Y36_M1_2_36,-0.850178068,0.095372045
PANK2_S171_M1_2_171,1.012595132,0.095372045
HBD_T5_M1_2_5,-0.401447764,0.095564603
MARK3_S598_M1_2_598,0.432526877,0.095564603
PURA_T187_M1_2_187,3.516578912,0.095564603
HAP28_T168_M1_2_168,2.671600297,0.095564603
GAPD1_S1012_M1_2_1012,3.203294708,0.095564603
PEAR1_S933_M1_2_933,10.60663552,0.095564603
BIN2_S398_M2_2_395;398,10.06979291,0.095564603
HNRPD_S80_M1_2_80,-0.274004897,0.095597455
ADDA_S557_M1_2_557,1.277213255,0.09571475
WNK1_T51_M1_2_51,0.459669659,0.096305257
GAPD1_S876_M1_2_876,2.577818659,0.099366134
GAPD1_S908_M1_2_908,10.53286502,0.099596183
MOB1B_S2_M1_2_2,4.032863543,0.099596183
NRBP_S2_M1_2_2,-0.577790274,0.099742674
SAAL1_S6_M1_2_6,-0.855607656,0.100400672
FETUA_S134_M2_2_134,-0.941349801,0.101319854
ZYX_T270_M2_2_267;270,3.067591054,0.101319854
UBR4_T904_M1_2_904,-0.647843331,0.101319854
REPS1_S127_M1_2_127,0.577548545,0.101319854
RD23A_S125_M1_2_125,-0.836947173,0.102171999
LA_T389_M1_2_389,1.777984735,0.103126633
GNL1_T57_M1_2_57,-2.063598595,0.103126633
UBR4_S181_M1_2_181,-0.406241811,0.103126633
VIME_S51_M1_2_51,3.228717955,0.104755423
STMN1_S25_M2_2_16;25,9.610193744,0.105408648
ADDA_S358_M1_2_358,-0.489898379,0.105408648
SUMO1_S2_M1_2_2,-0.262978326,0.105453061
RAF1_S619_M1_2_580;619,-0.237532711,0.105713501
BLVRB_S82_M1_2_82,0.547989244,0.105713501
MYH9_T638_M1_2_638,4.298659072,0.105713501
HBA_T135_M1_2_135,-0.540387185,0.105713501
GAPD1_S766_M1_2_766,-1.163382911,0.105713501
DEN1A_T707_M1_2_707,-1.153973457,0.10753002
TRY1_S150_M1_2_150,-0.656386301,0.107933777
CSN1_S468_M1_2_468,-0.994483379,0.107933777
MARK3_S543_M2_2_543,2.132335955,0.108054592
CORO7_S462_M1_2_462,1.105007716,0.108614109
SCRN2_T50_M1_2_50,-0.528851688,0.109379896
GTR3_S485_M1_2_485,1.808153697,0.109830907
HNRH1_T107_M1_2_107,0.717636584,0.11019428
CRNL1_S32_M1_2_32,0.361698284,0.11019428
JUPI1_S31_M1_2_31,1.006310096,0.11019428
SHC1_S139_M1_2_139,2.214446504,0.110423052
RD23A_S123_M1_2_123,-0.836459014,0.110423052
ADDB_S621_M1_2_621,-0.581333564,0.111906907
ADDB_S472_M1_2_472,0.743493295,0.116527486
DEMA_S372_M1_2_372,-0.273306432,0.116527486
ANCHR_S144_M1_2_144,-0.44409396,0.116527486
WNK1_T2245_M1_2_2245,2.833289738,0.116527486
TENS1_S1373_M1_2_1373,0.316295533,0.116527486
JUPI1_S28_M1_2_28,1.403167936,0.116527486
ALBU_T444_M1_2_444,1.73994787,0.117429859
FYB1_S573_M1_2_573,1.397917512,0.118509857
FIBA_Y589_M1_2_589,1.388986007,0.118521695
ADDA_S355_M1_2_355,-0.504117072,0.118521695
KPB2_S1015_M1_2_1015,-1.666854544,0.118521695
CALD1_S131_M1_2_131,7.822615729,0.118521695
SHLB2_S10_M1_2_10,2.395632196,0.118521695
REPS1_S143_M1_2_143,1.213096407,0.118722407
URP2_S8_M1_2_8,0.683023209,0.118747666
SPTA1_S96_M1_2_96,-0.79776232,0.118769826
BIN2_S440_M1_2_440,-1.099616024,0.11904683
C5AR1_S327_M1_2_327,-0.771215834,0.119316417
LIMD2_S29_M1_2_29,1.480478214,0.120167986
TRY1_Y154_M1_2_154,-0.470276784,0.120571851
YBOX1_S314_M1_2_314,-0.640638471,0.120571851
ZYX_S344_M1_2_344,1.117477042,0.120571851
PIEZ1_T175_M1_2_175,8.803842341,0.120571851
BIN2_S444_M1_2_444,-1.106750737,0.120571851
TRY1_S118_M1_2_118,-0.353902119,0.121423946
WNK1_S167_M1_2_167,-0.302756486,0.121423946
M4K4_S631_M1_2_631,0.492478977,0.12186993
GAPD1_S769_M1_2_769,-1.890679525,0.122360739
REPS2_T479_M1_2_479,-0.896424471,0.122860377
CAVN2_S293_M1_2_293,-1.185528631,0.122976425
AAK1_T389_M1_2_389,-1.772723354,0.122976425
TRY1_S115_M1_2_115,-0.328874618,0.123517536
ANK1_T1878_M1_2_1878,0.260445,0.123517536
RABE1_S377_M1_2_377,-1.097096469,0.123517536
PP6R3_S617_M1_2_617,-0.30099849,0.123517536
IBP1_S194_M1_2_194,-0.932023676,0.125162382
ADDA_S436_M1_2_436,2.247352771,0.125162382
SRC8_S417_M1_2_417,-0.845554078,0.125162382
UBE2O_S519_M2_2_515;519,0.890911809,0.125162382
MARE1_S155_M1_2_155,10.99628755,0.125775903
SZRD1_S39_M1_2_39,-0.913098705,0.125775903
LPIN2_S151_M1_2_151,-2.987615212,0.125990983
PI42A_S10_M1_2_10,3.052644542,0.126307252
AT2B1_S1178_M1_2_1178,-0.288443572,0.126985667
OTU1_S129_M1_2_129,0.406694141,0.127185455
PKHO2_T311_M1_2_311,-0.479328833,0.1291795
RAB5A_S193_M1_2_193,7.354152147,0.129190123
NDE1_S309_M1_2_309,0.763191015,0.129539389
IF4B_S597_M1_2_597,0.768531444,0.130216338
FCHO2_T289_M1_2_289,2.466107635,0.130216338
APOB_S4048_M1_2_4048,-0.369554836,0.132824749
CDV3_S197_M1_2_197,8.292528733,0.133129094
SPTB2_T2187_M1_2_2187,2.472599228,0.133190208
TAGL2_S185_M1_2_185,9.743860508,0.133234024
SZRD1_S51_M1_2_51,-0.918490353,0.133234024
2A5D_S573_M1_2_573,2.321567566,0.133445097
BIN2_S440_M2_2_440,-1.610029868,0.133445097
ANK1_S1671_M2_2_1666;1671,1.865407032,0.133533309
GAPD1_T1013_M1_2_1013,3.224388301,0.133533309
ZYX_S150_M1_2_150,1.476905202,0.133533309
S39A7_S276_M2_2_275;276,0.51410644,0.133533309
GAPR1_S55_M1_2_55,-0.30029246,0.133533309
NECP2_T182_M1_2_182,1.031791084,0.133533309
VPS4A_S97_M1_2_97,-0.283673593,0.133533309
STOM_T7_M1_2_7,3.22303697,0.13451151
ACINU_S710_M1_2_710,0.650046615,0.13451151
TRY1_S149_M1_2_149,-0.630221694,0.134934504
B3AT_Y347_M1_2_347,0.272096552,0.134934504
HUWE1_S2918_M1_2_2918,-0.641436045,0.134934504
OXSR1_T185_M1_2_185,1.597613626,0.135349665
GAPD1_S908_M2_2_908,10.01000077,0.135349665
KELL_S28_M1_2_28,0.348906281,0.135704936
ADDA_S586_M1_2_586,-0.248104907,0.135704936
RASA3_S809_M1_2_809,-1.1294175,0.135704936
LRRF1_T295_M1_2_295,2.542263457,0.135704936
ABHGA_T37_M1_2_37,0.859535094,0.136371589
B3AT_Y359_M1_2_359,1.411555028,0.136371589
HS90A_S263_M1_2_263,-1.021663463,0.136371589
TMX1_S270_M1_2_270,5.620626434,0.137067806
CAVN2_Y395_M1_2_395,2.035365028,0.139408672
CO3_S1573_M1_2_1573,1.342660141,0.139408672
URP2_T348_M1_2_348,2.013579751,0.139408672
DNJC9_S215_M1_2_215,6.505839635,0.139408672
ADDG_S679_M1_2_679,-0.79937208,0.139420315
GTPB1_S47_M2_2_44;47,-0.464363081,0.139646622
VASP_T331_M1_2_331,2.753615953,0.140037558
HAP28_S60_M2_2_60,-1.073361921,0.140279154
P4K2A_S44_M2_2_44,0.447310111,0.140279154
UBR4_S2895_M1_2_2895,-0.862082179,0.142834846
ZYX_S290_M1_2_290,3.513154849,0.143138868
OPTN_S342_M1_2_342,8.982262965,0.144395109
IF4B_Y609_M1_2_609,2.027616934,0.144880703
VASP_S305_M1_2_305,4.414866139,0.144976167
UBR4_S2897_M1_2_2897,-0.866547704,0.144976167
AGFG1_S181_M1_2_181,-0.348361389,0.145129879
EPB41_S555_M1_2_555,-0.969278526,0.145397574
DEMA_S110_M1_2_110,1.68883871,0.145489941
MARK3_S540_M2_2_540,0.705231828,0.145857015
FIBA_S451_M1_2_451,0.470029129,0.146318845
IL16_S946_M1_2_946,1.630306078,0.146318845
SRC8_T401_M1_2_401,-0.482481588,0.146318845
YBOX3_S204_M1_2_204,-0.418812676,0.148775444
PTX3_S98_M1_2_98,4.035220947,0.148968766
CDV3_Y190_M1_2_190,6.916634693,0.148968766
T22D4_S225_M2_2_225,-1.23622654,0.148968766
ANK1_S1756_M1_2_1756,1.936497237,0.149024697
EIF3J_T109_M1_2_109,-0.632352889,0.150884679
GAPD1_T1013_M2_2_1013,3.108720793,0.150884679
LPIN2_S303_M1_2_303,-0.473046375,0.150884679
FMNL1_S624_M1_2_624,0.91665423,0.152253584
RILP_S355_M1_2_355,0.352876218,0.152391787
FETUA_S138_M2_2_138,-0.909110929,0.152423783
ANK1_Y1386_M1_2_1386,1.297065864,0.153501769
APOA1_Y53_M1_2_53,0.715402054,0.153794297
H14_S36_M1_2_36,0.446431739,0.154448424
UBR4_T2884_M1_2_2884,-0.943674949,0.154905413
LFG3_S81_M1_2_81,-0.729754572,0.154905413
DJC17_S112_M1_2_112,0.080977115,0.154905413
SNTB1_S87_M1_2_87,1.701422277,0.155305668
S29A1_S254_M1_2_254,0.738114279,0.156321263
WNK1_S2029_M1_2_2029,-0.436657639,0.158845648
RILP_S360_M1_2_360,0.349583968,0.158916392
ZPI_S56_M1_2_56,-0.562466865,0.159115336
FIBA_S365_M1_2_365,-0.577668815,0.159594924
COPB2_T861_M1_2_861,-0.893450526,0.159594924
SRC8_S418_M1_2_418,-0.886099903,0.163052335
SPTB1_S2117_M2_2_2113;2117,2.182419694,0.163072699
STK10_S438_M1_2_438,-0.311130142,0.163779155
NHRF1_S280_M1_2_280,1.41980572,0.164335929
ADDB_S517_M1_2_517,10.71445941,0.164432131
SPTB1_S2124_M3_2_2124,-1.455664847,0.165848362
BMP2K_S934_M1_2_934,2.03256758,0.166556709
DDI2_T126_M1_2_126,-0.820469674,0.166594526
T22D4_S279_M1_2_279,-0.659377415,0.166594526
FIBA_T587_M1_2_587,1.018145874,0.169819717
VPS4B_S108_M1_2_108,-0.445257187,0.169924646
ADDA_S532_M1_2_532,11.24330026,0.169924646
AACT_T389_M1_2_389,2.802659141,0.170220739
VIME_Y53_M1_2_53,8.536078472,0.170599582
TM237_S62_M1_2_62,0.171027311,0.171156436
ENSA_S67_M1_2_67,2.262730004,0.171285541
VIME_S459_M1_2_459,1.335547202,0.171285541
RILP_S354_M1_2_354,0.352008221,0.171968143
DDI2_S121_M1_2_121,-0.860325709,0.172334797
NACAM_S2014_M1_2_151;2014,-0.579381857,0.173122037
NP1L4_T58_M1_2_58,-0.399873501,0.173122037
FIBA_S588_M1_2_588,1.254050593,0.173474003
GELS_S51_M1_2_51,0.831841098,0.173474003
ZYX_S303_M1_2_303,1.825876248,0.174247491
TAGL2_Y8_M1_2_8,9.31593052,0.174659875
ANR54_S63_M1_2_63,-0.265545526,0.17508832
FIBA_S294_M1_2_294,-0.508609726,0.17542085
MARK3_T211_M1_2_211,1.097486877,0.17542085
PAK2_S55_M1_2_55,2.268951242,0.17542085
CPZIP_S267_M1_2_267,-2.124458783,0.17542085
LYN_S13_M1_2_13,-0.730486292,0.175823383
KAP2_S80_M2_2_78;80,-0.441802355,0.176092251
GBF1_Y1317_M1_2_1317,-0.284929365,0.176092251
TPM4_S6_M1_2_6,7.423421636,0.176929207
KNG1_S275_M1_2_275,-1.086630658,0.177902483
RAB6A_T3_M1_2_3,0.781982505,0.177902483
ADDB_S535_M2_2_533;535,0.523174869,0.177902483
PPME1_S249_M1_2_249,-6.417284457,0.177902483
SPTB1_S2123_M3_2_2123,-1.319256701,0.17844554
SNX2_S119_M1_2_119,3.721027249,0.179313206
PFKAL_S775_M1_2_775,0.821916379,0.179313206
MARE2_S223_M1_2_223,-0.94728609,0.17946879
GTR1_T478_M1_2_478,-1.030155109,0.17983016
ADDA_S600_M1_2_600,-0.745832991,0.17983016
IF4B_S425_M2_2_425,8.824046973,0.18121947
MARE2_S222_M1_2_222,-0.942908332,0.18121947
LYN_S11_M1_2_11,-0.7119889,0.18123261
CAVN2_S293_M2_2_293,2.830035504,0.181653499
HNRPC_S233_M1_2_233,-0.070692932,0.182173281
CA198_S175_M1_2_175,0.293338806,0.182173281
TLN1_S446_M1_2_446,9.898463068,0.182173281
ML12B_S20_M2_2_18;19;20,2.310641454,0.183398805
BIN2_T438_M2_2_438,-1.586060946,0.183462907
HBB_T13_M3_2_5;10;13,-1.319292839,0.184015961
DBNL_S283_M1_2_283,2.033263021,0.187021218
VPS4B_S102_M1_2_102,-0.309198504,0.187371791
ALBU_S443_M1_2_443,1.091449079,0.187371791
CN37_T406_M1_2_406,2.353862335,0.187371791
SODC_S99_M1_2_99,-0.923500394,0.18848614
EPB41_S85_M1_2_85,1.848164234,0.18848614
ZYX_S267_M1_2_267,0.970113895,0.18848614
IQGA2_S16_M1_2_16,7.728227741,0.188895889
ADDB_Y440_M1_2_440,1.055453703,0.19043322
EPB41_S92_M1_2_92,-0.428154292,0.19140674
CBX3_S93_M2_2_93,0.634321195,0.19140674
SPTB1_S2125_M3_2_2125,-1.281892425,0.191980351
MYH10_S1956_M1_2_1956,-0.9474,0.191980351
SKI2_S256_M1_2_256,-0.845293726,0.191980351
WNK1_S170_M1_2_170,-0.326518477,0.191980351
WNK1_S2032_M1_2_2032,-0.312662683,0.191980351
SHLB2_T195_M1_2_195,1.346242499,0.191980351
EVL_S331_M1_2_331,-1.995845093,0.191980351
EVL_S245_M1_2_245,1.957149153,0.191980351
LARP1_S1040_M1_2_1040,2.107706069,0.194842198
PGRC1_S181_M1_2_181,-0.569688214,0.195329207
FIBA_S453_M1_2_453,0.377786967,0.195827505
FIBA_S364_M1_2_364,-0.570537428,0.195861364
DNM1L_S616_M1_2_616,1.615018625,0.196685236
STMN1_S46_M1_2_46,1.434646793,0.196685236
RAB7A_S72_M1_2_72,1.642322664,0.196685236
HBB_T13_M1_2_13,-1.30645717,0.196685236
DEMA_S260_M1_2_260,8.129705293,0.196685236
LBR_S128_M1_2_128,0.410485167,0.196685236
WDR44_Y395_M1_2_395,-0.352450334,0.196685236
DDI2_S127_M1_2_127,-0.812468924,0.196685236
SRRM1_T411_M1_2_411,-2.795315734,0.196685236
DBNL_S178_M1_2_178,8.574115604,0.196685236
VIME_T458_M1_2_458,1.391737286,0.19840271
IST1_S307_M2_2_294;307,1.570019987,0.200979745
ICAL_S440_M1_2_440,1.155105712,0.202973773
TRY1_T152_M1_2_152,-1.099377659,0.203219077
ANK1_S834_M1_2_834,-1.374887634,0.203873647
APOE_T307_M1_2_307,-0.671526726,0.204032288
PMGE_S129_M1_2_129,0.264880927,0.204032288
SRC8_S117_M2_2_113;117,2.892168797,0.204032288
PKHF2_S230_M1_2_230,6.890163689,0.204032288
H1BP3_S249_M1_2_249,-0.440182037,0.204430465
ICAL_T135_M1_2_135,0.749807569,0.204447152
WNK1_S2029_M2_2_2029,-0.545584792,0.204447152
EPB41_T760_M1_2_760,1.901590789,0.20764054
RPGF2_S1022_M1_2_1022,-0.711470706,0.207752417
BAG6_S973_M1_2_973,0.320247812,0.208074119
STMN1_S25_M1_2_25,0.612553398,0.208514736
TMC8_S658_M1_2_658,-0.155330414,0.210350017
PKHF2_S16_M1_2_16,5.354806739,0.210350017
THUM1_S88_M2_2_86;88,-0.327366028,0.210350017
CAH1_Y52_M1_2_52,-1.172236712,0.210433078
SEPP1_S266_M1_2_266,0.454387779,0.210433078
GNAS2_S352_M1_2_352;995,-0.250060725,0.210433078
TENS1_T1211_M1_2_1211,1.443926493,0.210433078
MYH10_S1952_M1_2_1952,-0.973683617,0.212788555
BRCC3_T111_M1_2_111,3.406527665,0.214706956
DEMA_T313_M1_2_313,1.21365301,0.214706956
A2MG_Y708_M1_2_708,4.379127948,0.215140411
IF4B_S422_M2_2_422,7.790562234,0.215140411
EPS15_S324_M1_2_324,-0.757062385,0.215482921
HBB_S10_M1_2_10,-1.190786949,0.21578597
YBOX3_S370_M2_2_369;370,0.436366302,0.216770439
SPTB1_T382_M1_2_382,-0.343854246,0.217193591
DBNL_S169_M1_2_169,6.285157235,0.217193591
ZCCHV_S275_M2_2_273;275,0.179213536,0.217359228
ANK1_S1877_M1_2_1877,0.206984451,0.218600427
SHIP1_S994_M1_2_994,6.193905171,0.219920498
TMCC2_S438_M1_2_438,-0.94688039,0.220711369
CERU_T726_M1_2_726,0.072552468,0.220711369
CO3_S1315_M1_2_1315,-0.83666012,0.220711369
FIBA_S291_M1_2_291,-0.473432028,0.220711369
ALDOA_S36_M1_2_36,-0.435252458,0.220711369
MYH9_Y11_M1_2_11,4.601516141,0.220711369
BAG6_S113_M1_2_113,-0.71622438,0.220711369
HNRPK_S284_M1_2_284,6.702669636,0.220711369
SPTB2_S2102_M1_2_2102,-0.362156757,0.220711369
CBX3_S93_M1_2_93,-0.139947467,0.220711369
PSMF1_S153_M1_2_153,-0.476163302,0.220711369
CA198_S173_M1_2_173,0.293165821,0.220711369
JUPI1_S88_M1_2_88,-2.081571926,0.220711369
JUPI1_S87_M1_2_87,-2.047107839,0.220711369
TLN1_S405_M1_2_405,-4.477211195,0.220711369
DEMA_S113_M1_2_113,0.411943418,0.221908691
ANK1_T1380_M2_2_1378;1380,-0.302586966,0.222547582
LARP1_S521_M2_2_517;521,0.7708547,0.223908206
EPB41_S686_M1_2_686,2.349650154,0.224019018
MISSL_S15_M1_2_15,-0.332898542,0.224019018
NED4L_S448_M1_2_448,0.457218197,0.224019018
SKAP2_T7_M1_2_7,0.707804192,0.224833439
VIME_Y30_M1_2_30,7.5835253,0.224833439
EPB41_S510_M2_2_505;510,3.244891336,0.224833439
ICAL_S373_M1_2_373,1.143748061,0.224833439
FLNA_S2152_M1_2_2152,1.560440648,0.224833439
ZYX_S278_M1_2_278,-1.314535679,0.224833439
LPIN2_S243_M1_2_243,1.179019696,0.224833439
WNK1_S2032_M2_2_2032,-0.499350859,0.224833439
AQP1_Y253_M1_2_253,-0.557107501,0.225129144
GNL1_S55_M1_2_55,-1.61199476,0.22762785
UBP47_S832_M1_2_832,-0.854361177,0.22762785
EH1L1_S310_M1_2_310,1.214716812,0.228888667
FMNL1_S1031_M1_2_1031,-0.313583677,0.230569883
ADDB_T626_M1_2_626,-0.462426381,0.230569883
CHSP1_S41_M1_2_41,0.18348697,0.230569883
ADDB_S600_M2_2_600,0.274771822,0.231595049
ADDB_S596_M2_2_596,0.31555685,0.232204612
GLPA_S138_M1_2_138,0.12950513,0.232297523
NDKA_T94_M1_2_94,-0.302154443,0.232337799
NED4L_T302_M1_2_302,-0.579906641,0.232337799
DEMA_S333_M1_2_333,1.20991198,0.233474494
CHMP5_T23_M1_2_23,6.574762032,0.234437394
H15_S18_M1_2_18,-0.408739908,0.235489496
LARP1_T526_M1_2_526,-0.330710898,0.235489496
RGCC_T99_M1_2_99,-2.410419377,0.235489496
SPTB1_S998_M1_2_998,-0.238384257,0.235615045
CAVN2_S307_M1_2_307,5.538962877,0.236074433
SEPT5_S327_M1_2_327,1.208273562,0.236120164
RS9_S153_M1_2_153,-0.22648974,0.23722482
EPB41_S684_M1_2_684,2.12864604,0.237240148
DNJB2_S311_M2_2_311,-0.486100621,0.237240148
RGS10_S21_M1_2_21,5.290664306,0.239582776
FIBA_S594_M1_2_594,0.788960509,0.239582776
HSPB1_S82_M1_2_82,0.697649126,0.239582776
GAPD1_T880_M1_2_880,0.648037559,0.239582776
PP1R7_S27_M1_2_27,-0.07550948,0.239582776
AAK1_S637_M1_2_637,1.45949467,0.240685279
LAT4_T267_M1_2_267,6.253689489,0.240755526
WNK1_S2027_M2_2_2027,-0.711448913,0.240755526
CAVN2_T424_M1_2_424,1.110593884,0.241295404
PARVB_S54_M1_2_54,1.00549298,0.242550832
TRY1_S89_M1_2_89,-0.763835769,0.245233845
CHMP5_S16_M1_2_16,6.483916629,0.245233845
SRRM1_S450_M1_2_450,-0.464254522,0.245840139
ANK1_S781_M1_2_781,-0.82906662,0.247264191
TOM22_S15_M1_2_15,0.523259811,0.247656805
VTNC_S364_M1_2_364,0.945274032,0.24860584
KNG1_S332_M2_2_332,1.141739025,0.248623875
CAH1_S51_M1_2_51,-1.07824385,0.250992604
PP1R7_S24_M1_2_24,-0.090478546,0.250992604
RIC8A_S436_M1_2_436,-1.317922796,0.250992604
CBX3_S95_M2_2_95,0.51686523,0.252150088
CXCL7_Y58_M1_2_58,0.456429301,0.252663465
ICAL_S379_M1_2_379,1.502787834,0.25285045
ADDA_Y419_M1_2_419,1.06734287,0.254110877
C2CD5_T339_M1_2_339,6.71444237,0.255329336
SNX2_S117_M1_2_117,5.525340463,0.256198974
EPB41_S560_M1_2_560,-1.154549522,0.256198974
ADDA_T724_M1_2_724,0.366457477,0.256198974
CRK_S41_M1_2_41,-0.525063489,0.256198974
EPS15_S796_M1_2_796,-0.976696781,0.256214549
DDI2_S127_M2_2_127,-0.95627329,0.256214549
IL1B_S133_M1_2_133,2.200333201,0.257041032
IRAG1_S478_M1_2_478,0.569372336,0.257041032
UBE2O_S89_M2_2_87;89,-0.185476943,0.258201353
LAT_S224_M1_2_224,-0.465356998,0.259633595
EIF3J_S11_M1_2_11,-0.577003286,0.26078179
GAPD1_T482_M1_2_482,-5.335718273,0.26078179
ZYX_S308_M1_2_308,1.236276367,0.26078179
SPTB2_S2332_M1_2_2332,0.866729178,0.260901164
MP2K2_S293_M1_2_293,1.323053844,0.260957903
GLPA_S139_M1_2_139,0.125260501,0.261522688
B3AT_Y347_M2_2_347,-1.200198711,0.262036365
HS90A_S231_M1_2_231,-0.331575473,0.262036365
DNJB2_S313_M2_2_313,-0.453131913,0.262036365
HBA_S132_M1_2_132,-1.089654849,0.262036365
PBIR1_S76_M1_2_76,-0.823209792,0.262036365
CD2AP_Y88_M1_2_88,1.177510013,0.262036365
MP2K2_S295_M1_2_295,1.26055828,0.262086115
EIF3J_S13_M1_2_13,-0.574304537,0.262479911
BIN2_S259_M1_2_259,1.197272803,0.262479911
OXSR1_S325_M2_2_324;325,-1.0821551,0.262548156
ANT3_S68_M1_2_68,-0.179427007,0.2633931
FIBA_T595_M1_2_595,0.786470447,0.2633931
ANK1_S1339_M1_2_1339,-0.479167953,0.2633931
FLNA_S1459_M1_2_1459,1.700900239,0.2633931
SMC4_S41_M1_2_41,-0.275132545,0.2633931
HBS1L_S67_M1_2_67,1.444719671,0.2633931
C2D1A_T478_M1_2_478,-0.178158184,0.264913209
TBC15_S70_M1_2_70,4.835329198,0.264924287
BIN2_T478_M1_2_478,0.716834972,0.26494651
SPTB1_S2128_M3_2_2128,-0.822736626,0.265289632
ANK1_T769_M1_2_769,-0.273817095,0.265289632
FLNA_S2143_M1_2_2143,0.662891662,0.265289632
DDI2_S128_M2_2_128,-0.867980582,0.265289632
WNK1_T60_M1_2_60,3.536866294,0.265289632
SPTA1_S1284_M1_2_1284,-0.472682854,0.265747378
GP1BB_T193_M2_2_191;193,1.952374308,0.26638215
RHG23_S361_M1_2_361,-1.084991817,0.26638215
MICA3_S1310_M1_2_1310,-0.432666978,0.269133359
IRAG1_S481_M1_2_481,0.79140718,0.26964894
HBB_T5_M1_2_5,-1.791342152,0.270077478
WNK1_S183_M2_2_183,1.121378777,0.270077478
ASAP1_S726_M1_2_726,-0.261543429,0.270077478
NP1L4_S12_M2_2_12,1.170058433,0.271301288
RIC8A_Y435_M2_2_435,0.613540689,0.271856598
EIF3J_S11_M2_2_11,-0.459558458,0.272400608
GLPA_S123_M1_2_123,1.088183449,0.274098662
CAH1_S49_M1_2_49,-1.030596726,0.27581109
G3P_S83_M1_2_83,-1.184635593,0.276268666
TRY1_S121_M1_2_121,-0.4762822,0.276435484
TCPA_S551_M1_2_551,-0.533416322,0.276435484
NP1L4_S7_M2_2_7,1.129327756,0.276435484
URP2_Y11_M1_2_11,0.721980686,0.277041463
WNK1_S2121_M1_2_2121,0.463184135,0.27723652
PA2G4_S2_M1_2_2,-0.638795187,0.27723652
CORO7_S465_M2_2_462;465,0.944609835,0.277250306
APOA1_S191_M1_2_191,-0.638830368,0.277371332
FIBA_T412_M1_2_412,-0.618874534,0.277371332
EPB41_S542_M1_2_542,-0.462274133,0.277371332
CHSP1_T54_M1_2_54,2.744208385,0.277371332
STK10_T952_M1_2_952,1.103306986,0.278865479
WDR44_S50_M1_2_50,0.275288215,0.27900967
UBR4_S178_M1_2_178,-0.41776778,0.27900967
VIME_Y61_M1_2_61,5.642990074,0.287021503
CAVN2_S204_M2_2_204,-1.172695794,0.287624884
PMGE_Y92_M1_2_92,-1.554246674,0.287624884
FIBA_T457_M1_2_457,0.289176208,0.288471493
CAVN2_S203_M2_2_203,-1.545019434,0.288759837
SH3K1_S183_M1_2_183,0.305349712,0.288759837
DCAF8_S99_M1_2_99,-1.133427392,0.288836493
EIF3J_S13_M2_2_13,-0.467894416,0.289129054
LSP1_S204_M1_2_204,0.651542998,0.296351566
GNL1_T50_M1_2_50,-2.01014207,0.296351566
LPIN2_S125_M1_2_125,-1.428620575,0.297333054
TBA1B_Y103_M1_2_103,4.241224598,0.297600054
MRE11_S619_M1_2_619,6.041318399,0.297660669
TBA1B_Y272_M1_2_272,1.302546965,0.298110858
HDGF_S133_M1_2_133,-0.602977737,0.298850907
ALBU_S82_M1_2_82,3.309140708,0.29917474
LARP1_S548_M1_2_548,-1.006848895,0.29917474
PSMF1_S152_M1_2_152,-0.437053379,0.300292949
NP1L4_S5_M2_2_5,1.013592278,0.300517085
PBIR1_T47_M1_2_47,-1.029399031,0.300622283
ADDA_S427_M1_2_427,0.682851996,0.305231799
ALBU_S311_M1_2_311,-0.531388077,0.305390513
XK_T422_M1_2_422,-0.245751119,0.305390513
DREB_S339_M1_2_339,-0.395406359,0.305390513
KLC4_Y593_M1_2_593,-0.388390982,0.305390513
TGFI1_S137_M2_2_137,0.498689904,0.306829872
RPIA_T107_M1_2_107,-0.867837841,0.306829872
AHNK_S1068_M1_2_1068,4.755178062,0.307564493
CDV3_S8_M1_2_8,1.191038773,0.308275054
WDR44_S5_M1_2_5,0.072541457,0.30908502
AHNK_T3716_M1_2_3716,5.541008833,0.30930995
GIPC2_S31_M1_2_31,2.119986792,0.30930995
SMC4_T39_M1_2_39,-0.154108246,0.30930995
TRY1_S181_M1_2_181,0.987489049,0.309970949
TMX1_S247_M1_2_247,-0.38890754,0.311177852
LXN_S41_M1_2_41,0.430634464,0.312139437
KNG1_S332_M1_2_332,2.736294146,0.312171832
ICAL_S577_M1_2_577,-0.905915498,0.312771495
STMN1_S63_M1_2_63,1.488271788,0.314706606
APOA2_S54_M1_2_54,-0.125073309,0.314729553
HUWE1_S1395_M1_2_1395,1.554424239,0.317395265
T22D4_S190_M1_2_190,0.270851683,0.317395265
PCSK9_S688_M1_2_688,-0.304069988,0.318010316
TRY1_T180_M1_2_180,1.459451396,0.318143126
PLMN_S45_M1_2_45,1.530414209,0.318777802
G3P_T153_M1_2_153,1.913863601,0.319090112
FETUA_S138_M1_2_138,1.560564516,0.319498383
GTR1_S226_M1_2_226,0.924244779,0.320080433
DAP1_S51_M1_2_51,-2.56518098,0.321509255
BIN2_S263_M1_2_263,0.860306574,0.322328391
ADDA_Y407_M1_2_407,-1.107637121,0.323104182
PBIR1_S37_M1_2_37,-0.994883995,0.323104182
UD2A2_Y242_M1_2_242,0.829269974,0.323778614
SHLB2_S207_M1_2_207,1.215997169,0.323778614
RPGF2_S501_M1_2_501,0.520270173,0.325859324
ADDA_S423_M1_2_423,0.898427495,0.326138011
PIEZ1_S1646_M1_2_1646,-0.64439379,0.326138011
UBP5_T623_M1_2_623,-0.325669602,0.326511913
RILP_S354_M2_2_354,0.423438627,0.326511913
R3GEF_T163_M1_2_163,-0.282502109,0.326711025
BABA1_S49_M1_2_49,-0.404518247,0.326711025
EPB41_S709_M1_2_709,2.021602014,0.327547647
B3AT_S350_M2_2_350,-0.755955181,0.32774419
ENOA_S40_M1_2_40,-0.487019329,0.32774419
EF1D_S162_M1_2_162,-0.727166055,0.32774419
ADDB_S473_M1_2_473,0.595274839,0.32774419
WNK1_S185_M2_2_185,1.002826337,0.32774419
FIBA_T499_M1_2_499,1.328910076,0.327833041
ACKR1_S326_M1_2_326,0.575558868,0.327833041
AHNK_S1170_M1_2_1170,0.994618911,0.327883395
DOCK2_S1688_M1_2_1688,-0.554865673,0.331663774
FIBA_S485_M1_2_485,1.324791793,0.331704019
SPTA1_T1151_M1_2_1151,-0.33519546,0.332777205
ANK1_Y1514_M1_2_1514,2.103559024,0.332777205
APOL1_S311_M1_2_311,-0.226388819,0.334109217
AT2B1_S1155_M1_2_1155,-0.267974727,0.334109217
DNJC5_Y17_M2_2_17,-1.661186098,0.334109217
TNIK_S680_M1_2_680,-0.594938375,0.334109217
MY18A_S2014_M1_2_2014,-0.961641272,0.335002522
TENS1_S1150_M1_2_1150,1.179647519,0.335997872
GP1BB_S191_M1_2_191,-0.63723398,0.337168653
T22D4_S379_M1_2_379,-0.669395288,0.338402969
FINC_S2475_M1_2_2475,1.821736152,0.341244198
CY24A_T147_M1_2_147,1.613626341,0.341244198
AT2B1_T1165_M1_2_1165,-0.362118664,0.341244198
ATG9A_S828_M1_2_828,-0.488787291,0.342832898
TCPA_Y545_M1_2_545,-0.578101104,0.344878233
WNK1_T48_M1_2_48,1.313915502,0.344878233
PSN1_S353_M1_2_353,1.553833167,0.345241435
PAK2_S141_M1_2_141,0.439415829,0.345872163
HDGF_S133_M2_2_132;133,-0.657138012,0.347189848
RGS10_S41_M1_2_41,-1.486509827,0.347706907
ALBU_S328_M1_2_328,-0.579517464,0.347706907
AQP1_S262_M1_2_262,0.488530984,0.347706907
DEMA_S279_M1_2_279,1.785331188,0.35155986
KNG1_S329_M2_2_329,0.750845495,0.351644865
TRY1_S169_M1_2_169,2.728844658,0.353643473
KPYR_T157_M1_2_157,-1.613068236,0.35390032
IF2B_S2_M1_2_2,-0.644977961,0.354521028
DAP1_S3_M1_2_3,-0.204097995,0.354521028
AT2B4_T1168_M3_2_1162;1165;1168,1.487520276,0.354727411
ADDA_S483_M1_2_483,1.286952653,0.354727411
FIBB_S173_M1_2_173,-0.265655182,0.35589994
NACAM_T2024_M1_2_161;2024,-0.341195024,0.35631167
ITB3_T777_M1_2_777,0.936842171,0.35631167
ANK1_T1101_M1_2_1101,-0.523708917,0.35631167
TPIS_S21_M1_2_21,-1.622110342,0.35631167
RILP_S355_M2_2_355,0.406557579,0.35631167
NSF1C_S140_M1_2_140,-0.658687154,0.35631167
TTHY_T79_M1_2_79,-0.30783491,0.358692854
EPB41_S95_M1_2_95,-0.314264173,0.358692854
FETUB_S315_M1_2_315,-0.358728994,0.359220121
APOB_T4052_M1_2_4052,-0.26152647,0.360276548
RFFL_S240_M1_2_240,-1.078535188,0.360276548
PMGE_Y137_M1_2_137,0.497395223,0.362653868
RLA1_S104_M2_2_101;102;104;105,1.570716214,0.364275991
DREB_T346_M1_2_346,1.264212416,0.365725823
APOL1_S314_M2_2_311;314,-0.23496128,0.365864627
OXSR1_S339_M1_2_339,-1.298801589,0.365994625
GLPA_S130_M1_2_130,0.945782364,0.365994625
MY18A_S2020_M1_2_2020,-1.148855068,0.365994625
ZPI_S61_M2_2_56;61,-0.238454945,0.366808014
SPTA1_S261_M1_2_261,-0.62975377,0.368885608
DEMA_S226_M1_2_226,0.191300082,0.368885608
NP1L4_S54_M1_2_54,-0.320614547,0.370885291
RFFL_S242_M1_2_242,-1.342202584,0.371684389
ADDA_S415_M1_2_415,0.26017916,0.372019156
ADDA_S420_M1_2_420,1.185982533,0.372295066
PSA3_S250_M1_2_250,0.271028556,0.372711589
ERMAP_S421_M2_2_421,0.726418657,0.372711589
VTNC_S407_M2_2_407,0.43565622,0.373725876
SEPT2_S218_M1_2_218,-0.817733727,0.373725876
PPIL4_S178_M1_2_178,-1.244155018,0.373725876
T22D4_S189_M1_2_189,-0.216664612,0.37439332
LAT4_S297_M1_2_297,1.242748528,0.374604496
PIEZ1_S1621_M1_2_1621,-0.153989609,0.374604496
TRY1_S207_M1_2_207,2.776920394,0.375496838
GAPD1_S946_M1_2_946,-0.584537704,0.375496838
T22D4_S189_M2_2_189,0.433665361,0.377515993
SPTA1_Y422_M1_2_422,-0.975007471,0.378690486
ERMAP_S418_M2_2_418,0.563295639,0.378690486
ADDA_S358_M2_2_358,-0.393989062,0.380202267
GTR1_S490_M1_2_490,0.526134664,0.380971779
CRKL_Y105_M1_2_105,0.24095253,0.382643756
TTL12_S16_M1_2_16,-0.728364448,0.384150273
TYB4_S2_M1_2_2,0.385031873,0.387653534
TLN1_S992_M1_2_992,0.517156447,0.388759946
CXCL7_S55_M1_2_55,-0.489673312,0.389790635
CRKL_S112_M1_2_112,0.253134506,0.389790635
YBOX1_T271_M1_2_271,-0.643053342,0.391056364
PAK2_T178_M1_2_178,0.156884443,0.395624739
SIPA1_S74_M1_2_74,3.027389405,0.397592789
COPB2_S859_M1_2_859,-1.236273573,0.399215634
RANG_T13_M1_2_13,1.207650327,0.399734907
ICAL_S575_M1_2_575,-0.619336677,0.400063945
BRAF_S729_M1_2_729,-0.171089693,0.400113388
BABA1_S8_M1_2_8,0.259388148,0.400113388
ROA1_S6_M1_2_6,-0.162850946,0.402043234
MARE2_S223_M2_2_223,3.820538165,0.402043234
RHG09_S467_M1_2_467,0.418086552,0.402043234
CLUS_S396_M1_2_396,-0.280739146,0.402975222
MENT_S143_M1_2_143,-0.210668175,0.403139661
MARCS_S170_M1_2_170,-0.587074457,0.404347761
SPTB1_S2117_M1_2_2117,-2.149182681,0.404883623
HBB_T85_M1_2_85,-1.192363666,0.404883623
RPGF2_T581_M1_2_581,-2.15556291,0.405422815
B3AT_S357_M2_2_357,0.290872808,0.406820533
ERMAP_S458_M1_2_458,0.582212294,0.406820533
KAPCA_S339_M1_2_339,-1.852059792,0.407205392
UBP7_S18_M1_2_18,0.351875452,0.407205392
EP15R_T113_M1_2_113,-1.956794445,0.407205392
ANK1_S1312_M1_2_1312,-2.127099678,0.416050165
RAB6A_S184_M1_2_184,0.454030207,0.416050165
LEGL_S25_M1_2_25,-0.41668058,0.416050165
KAD1_S38_M1_2_38,-1.949132338,0.420585635
FIBA_S609_M1_2_609,0.253573696,0.420585635
NEXN_S80_M1_2_80,0.426178407,0.42144813
SKAP2_S283_M1_2_283,0.464641572,0.42329774
S43A3_S248_M1_2_248,-0.633058237,0.42329774
DOCK2_T1689_M1_2_1689,-0.127176127,0.424181744
HBA_S53_M1_2_53,-1.076980274,0.427145852
S29A1_S271_M1_2_271,0.72070387,0.428828871
GLPA_S138_M2_2_138,-0.327594369,0.429618751
B3AT_S356_M2_2_356,0.27333884,0.429618751
IBP3_S201_M1_2_201,0.313286447,0.429618751
PRDX2_Y164_M1_2_164,-0.546805668,0.429618751
DEMA_S269_M1_2_269,-0.581991734,0.429618751
TMPSD_T274_M1_2_274,-0.29908716,0.429618751
ACINU_S216_M1_2_216,-0.080023715,0.429618751
APOA1_S55_M1_2_55,0.536078536,0.433002699
ANK1_T981_M1_2_981,0.445355031,0.433002699
HBA_S134_M1_2_134,-1.405715,0.434550851
MYO9B_S1267_M1_2_1267,-0.463547914,0.434550851
UBP47_S910_M1_2_910,-0.293046908,0.434550851
SMC4_S27_M1_2_27,-0.135089005,0.435515016
ANK1_S4_M1_2_4,-0.179828611,0.436135438
ASAP1_S1128_M1_2_1128,-0.500791807,0.436135438
HBD_S73_M1_2_73,-0.949017528,0.437752359
CO8A_S238_M1_2_238,2.094202074,0.437752359
ANK1_S597_M1_2_597,-4.736937642,0.43941122
LPIN2_T291_M1_2_291,0.313809483,0.439527305
ADDB_T552_M1_2_552,-0.898830355,0.443436327
SMC4_T310_M1_2_310,0.371901268,0.443436327
FIBB_S58_M1_2_58,0.371368126,0.443629935
ANK1_Y603_M1_2_603,-3.528919874,0.445427925
NAA10_S186_M1_2_186,0.427396872,0.445427925
EPB42_T230_M1_2_230,-0.128438391,0.445691901
ASML_S239_M1_2_239,-0.98184114,0.447985428
CERU_S499_M1_2_499,0.326918037,0.447985428
PTPRC_S975_M1_2_975,-0.509197177,0.447985428
H14_S102_M1_2_102,0.836831073,0.447985428
PP6R1_T524_M1_2_524,0.416189227,0.447985428
AP2M1_T156_M1_2_156,0.617872528,0.448121044
CUL3_S737_M1_2_737,-0.062580366,0.449729483
ANK1_S203_M1_2_203,0.61691756,0.453129517
GPCP1_T177_M1_2_177,-3.893435019,0.455449315
ANK1_S1666_M1_2_1666,-0.427835973,0.455588882
CALM1_S102_M1_2_102,0.805844904,0.455818044
G3BP1_S232_M1_2_232,-0.392782133,0.457664365
HBA_S50_M1_2_50,-1.567548155,0.460129872
ANK1_S594_M1_2_594,-4.640539073,0.460246986
HBB_S90_M1_2_90,-0.80424008,0.462057577
BRAF_T373_M1_2_373,-2.264882143,0.462259345
IF4B_S498_M1_2_498,-0.122183183,0.462259345
PGM1_S117_M1_2_117,-0.680672291,0.462259345
PGM1_T115_M1_2_115,-0.685377225,0.462259345
PGK1_S203_M1_2_203,-1.308621088,0.462588081
DCAF6_T654_M2_2_654,-0.576778495,0.463066009
ADDA_S726_M1_2_726,0.195740921,0.463532495
FIBA_T557_M1_2_557,-1.842006526,0.465040826
FIBA_T522_M1_2_522,-1.207112409,0.465977342
B3AT_S356_M1_2_356,0.235570957,0.466404735
MYO9B_T1295_M1_2_1295,-0.122629561,0.466404735
SNX22_T121_M1_2_121,1.198650531,0.466404735
HBG1_S51_M1_2_51,1.385406599,0.467798285
RPGF2_S585_M1_2_585,-1.984497517,0.467798285
ITIH2_S60_M1_2_60,0.915692162,0.468026948
AT2B4_S1162_M2_2_1162,1.51605277,0.469756361
ADDA_S355_M2_2_355,-0.255517437,0.47283444
T22D4_T229_M2_2_229,-0.364102184,0.47283444
RBM6_S373_M1_2_373,-1.447931488,0.473120792
F1142_S146_M1_2_146,-0.381584588,0.473326697
PMGE_T122_M1_2_122,0.154340466,0.473976419
DYN2_S764_M1_2_764,-0.906991943,0.473976419
OXSR1_S339_M2_2_331;339,1.203826684,0.474649618
SPTB1_S2043_M1_2_2043,-0.354995778,0.475671908
UBR4_T2724_M1_2_2724,0.140287822,0.4763918
MRP4_T646_M1_2_646,-0.140510961,0.477518506
DNJC5_S10_M1_2_10,-1.110576904,0.478853696
DREB_S142_M1_2_142,-0.429309713,0.482614464
MYH9_S1943_M1_2_1943,-0.254185834,0.483903365
APOB_S603_M1_2_603,-4.872546468,0.484060397
PRDX2_T120_M1_2_120,-0.22990371,0.484060397
SZRD1_S107_M1_2_107,-1.087228141,0.485527643
SZRD1_S105_M1_2_105,-1.123481848,0.485527643
PRDX6_T44_M1_2_44,0.720841189,0.485931237
PBIR2_S33_M1_2_33,-1.211358578,0.487286944
EP15R_S108_M1_2_108,-1.025624232,0.488218008
EPB42_S468_M1_2_468,-0.763595656,0.490332885
EF1B_S106_M1_2_106,-0.334816643,0.490332885
MP2K2_T25_M1_2_25,-1.038262579,0.492393562
PGM2_T163_M1_2_163,-1.434437623,0.492393562
RMD3_S46_M1_2_46,-0.126590676,0.492393562
WNK1_S1935_M1_2_1935,-0.287287797,0.492393562
NSF1C_S114_M1_2_114,-1.563703871,0.494535112
CAH1_T101_M1_2_101,-0.717506973,0.495710172
DEMA_S289_M1_2_289,0.077309781,0.497292064
EPB42_S681_M1_2_681,3.117238483,0.497660462
ASML_T234_M1_2_234,-0.873953244,0.500146192
SPRL1_S84_M2_2_84,0.453528198,0.500932983
HS105_S190_M1_2_190,-0.26581547,0.504571013
RGS18_S28_M1_2_28,0.19440978,0.504571013
MP2K2_T394_M1_2_394,0.061263971,0.50507392
ALBU_S29_M1_2_29,0.802301705,0.505600059
CAP1_T307_M1_2_307,0.362279228,0.506996093
H12_T4_M1_2_4,-0.156583985,0.508884873
HBB_S45_M1_2_45,-0.92259377,0.509073722
YBOX1_S176_M1_2_176,0.081009228,0.510188838
TLN1_S1641_M1_2_1641,-0.585125394,0.513944034
HBD_S50_M1_2_50,-0.318056754,0.515386518
DNJC5_S8_M1_2_8,-0.940820377,0.517109037
PPIL4_T159_M1_2_159,-0.634054431,0.517598916
NUCKS_S73_M2_2_73,0.719265771,0.51878901
MPP7_S313_M1_2_313,-2.599782803,0.51996075
UN13D_S150_M1_2_150,1.647738464,0.51996075
TENS1_S1418_M1_2_1418,0.556871809,0.520255446
SGTA_S77_M2_2_77,-0.17824754,0.520540181
SNX2_S185_M1_2_185,-3.393359716,0.521083059
EIF3J_S127_M1_2_127,0.510200657,0.52140978
HBD_S45_M1_2_45,-0.858063273,0.522597997
TENS1_T1531_M1_2_1531,1.392576206,0.522597997
P4K2A_S47_M1_2_47,0.050295902,0.522745655
H15_T4_M1_2_4,-0.069258823,0.524989035
C2C2L_S59_M1_2_59,-0.381294053,0.525297801
SMC4_S22_M1_2_22,-0.16406416,0.526885156
WIPI2_S413_M1_2_413,-0.108807679,0.532637075
SMIM1_S22_M2_2_22,-0.114575877,0.537152278
HBB_T88_M1_2_88,-0.846697652,0.538090257
CI040_T94_M1_2_94,-0.945273094,0.538090257
GAPD1_T390_M1_2_390,-0.389358594,0.538911883
MARK3_S383_M1_2_383,-0.208476028,0.541000265
COF1_S3_M1_2_3,0.119887101,0.541568521
UBP14_S394_M1_2_394,0.266353093,0.542051912
TENS1_S1401_M1_2_1401,-0.843219411,0.542051912
HBA_Y141_M1_2_141,0.369243702,0.544173718
ML12B_S20_M1_2_19;20,0.73556987,0.545046306
CAVN2_S218_M3_2_204;218,-0.461557452,0.54585755
STOM_S18_M1_2_18,-0.154912773,0.549993345
HBB_T124_M1_2_124,0.422188893,0.55180353
4EBP1_S101_M1_2_101,-0.772123569,0.552451635
TRY1_S237_M1_2_237,1.336509365,0.5545823
YBOX3_Y192_M1_2_192,0.704708822,0.555463083
TMM40_S137_M1_2_137,-0.652204735,0.555463083
WNK1_S597_M1_2_597,3.102654009,0.555463083
ASAP1_S717_M1_2_717,-0.512343351,0.555463083
GLPA_S139_M2_2_139,-0.135880544,0.555894779
HBA_T42_M1_2_42,-0.786252349,0.555894779
T22D4_S165_M1_2_165,-1.29164335,0.559823458
NEXN_S88_M1_2_88,-0.136240677,0.560862984
WDR44_T219_M1_2_219,-0.605059248,0.56217054
RILP_S314_M1_2_314,0.225342851,0.56331404
MYO9B_S1290_M1_2_1290,0.164248021,0.565028722
ADDB_S396_M1_2_396,-1.916922432,0.565307539
RD23A_Y197_M1_2_197,-0.475359578,0.56644253
AKTS1_S202_M1_2_202,-0.199974675,0.56644253
WNK1_S185_M1_2_185,0.113665577,0.566510953
PDCD5_S119_M1_2_119,0.184312414,0.568942085
TRY1_S215_M1_2_215,0.597272716,0.568942085
A1AT_T37_M1_2_37,1.383482598,0.568942085
EPB41_T559_M2_2_559,-0.696753025,0.568942085
GBF1_T1325_M1_2_1325,-0.361125738,0.568942085
TENS1_T1057_M1_2_1057,2.984010286,0.568942085
SKAP2_S9_M1_2_9,0.232216425,0.569303677
STX4_S15_M2_2_14;15,0.210497276,0.569594888
PBIR1_S147_M2_2_147,-0.253221539,0.571489514
TCPA_S544_M1_2_544,-0.282684562,0.573021004
SPTB1_S2034_M1_2_2034,-0.283792242,0.578399504
AGM1_T62_M1_2_62,-0.28301312,0.580837562
KAP3_Y120_M1_2_120,0.38352916,0.580837562
RD23A_T200_M1_2_200,-0.645041541,0.580837562
A1AT_S38_M1_2_38,1.911171236,0.581082611
SH3K1_S230_M1_2_230,0.30163635,0.581082611
API5_S464_M1_2_464,-0.132661843,0.581082611
APOE_T148_M1_2_148,0.127423536,0.582832701
ZYX_S281_M1_2_281,-0.387722904,0.582832701
CASS4_S305_M1_2_305,2.79803188,0.582832701
ADDB_S530_M1_2_530,-0.268004909,0.584163172
ZO2_S986_M1_2_986,-0.22096856,0.584608272
CCNY_S83_M1_2_83,3.088871618,0.590864363
TEBP_S113_M1_2_113,-0.119224642,0.590950299
NP1L4_T312_M1_2_312,0.343445489,0.591677911
HBA_Y43_M1_2_43,-0.748975739,0.593606567
PBIR1_S143_M2_2_143,-0.258748042,0.593799191
DEMA_T278_M1_2_278,1.024328471,0.594001721
SRRT_S74_M1_2_74,0.412225055,0.594001721
UBE2O_S896_M1_2_896,-0.096097759,0.594001721
EPB41_S560_M2_2_560,-0.673360694,0.594381781
SPTB1_Y2031_M1_2_2031,-0.270885645,0.595592616
A2AP_S450_M1_2_450,-0.420880771,0.599409372
FIBA_S524_M1_2_524,-0.804456808,0.600101999
PSMD1_S315_M2_2_311;315,-0.129423326,0.601341318
UBE2O_S839_M2_2_839,0.191058483,0.604232953
NCF2_S332_M1_2_332,-0.290775732,0.606304571
F117A_S213_M1_2_213,0.710995253,0.608454916
T22D4_S104_M1_2_104,-2.056393735,0.609343279
O51E2_Y59_M1_2_59,0.516446548,0.609529185
FIBA_S542_M1_2_542,0.351628499,0.610033044
HBB_T51_M1_2_51,-0.541914889,0.610033044
DI3L2_T862_M1_2_862,2.217459799,0.610033044
MARK3_S380_M1_2_380,-0.055318768,0.61075168
TRY1_S127_M1_2_127,0.983070558,0.610787914
CO3_S297_M1_2_297,-0.348787701,0.611916527
WNK1_S2011_M1_2_2011,-1.818785823,0.612800346
BIN2_S458_M1_2_458,0.210493581,0.612800346
CHSP1_S147_M1_2_147,-0.445397584,0.612800346
FIBA_S300_M1_2_300,-0.195313771,0.616684831
HBD_S90_M1_2_90,-0.81806143,0.616695404
CD2AP_S458_M1_2_458,-0.338925253,0.616695404
TOM1_S464_M1_2_464,-0.178520781,0.617485795
CI040_S76_M1_2_76,-0.065653964,0.617485795
CAVN2_S203_M3_2_203,-0.427532528,0.618256337
HNRPK_T107_M1_2_107,0.826943842,0.619117419
APOA2_S68_M1_2_68,-0.241380347,0.62196423
SPRL1_S80_M2_2_80,0.348101706,0.62196423
RHG09_S484_M1_2_484,0.108600565,0.623905132
OGFR_S315_M1_2_315,-0.328246799,0.623905132
UBP24_T2565_M1_2_2565,0.661558009,0.623905132
CAVN2_S398_M1_2_398,1.09903915,0.624143311
FLNA_S2158_M2_2_2152;2158,0.603964201,0.624143311
CATA_S515_M1_2_515,1.293115694,0.625376673
TTHY_T80_M1_2_80,2.180789697,0.627547072
IF5_S390_M2_2_389;390,0.083395508,0.629008761
RTN4_S15_M1_2_15,0.188580082,0.629008761
CE170_T377_M1_2_377,0.59602126,0.631838079
NP1L4_S7_M1_2_7,0.17254342,0.631838079
LFG3_S83_M2_2_81;83,0.1793269,0.63360711
EPB41_S555_M2_2_555,-0.42306636,0.63453766
KAP3_S114_M1_2_114,0.252595708,0.63453766
KAP2_S99_M1_2_99,0.267590589,0.636076051
NUDC2_S142_M1_2_142,0.333266735,0.636076051
AKTS1_S183_M1_2_183,0.75446578,0.636076051
MRE11_S649_M1_2_649,-0.186573693,0.636948299
VIP2_S38_M1_2_38,-0.787441839,0.641360166
ANK1_S15_M1_2_15,-0.112558526,0.643249986
EPB42_S473_M1_2_473,-0.625138597,0.644556043
S10A9_T113_M1_2_113,-0.702322424,0.647143373
FETUA_S325_M1_2_325,-1.550527471,0.649192893
EPB41_S674_M1_2_674,-0.92102228,0.650597596
FIBA_S297_M1_2_297,-0.231155675,0.650609343
B3AT_S194_M1_2_194,-0.461023936,0.650609343
COASY_S178_M1_2_178,-0.213369341,0.650609343
VPS4A_S95_M2_2_95,0.341195621,0.650609343
UB2V1_S146_M1_2_146,0.383712989,0.652810793
H15_T11_M1_2_11,0.499100757,0.65472418
HBB_S73_M1_2_73,-2.10603968,0.656025485
SMIM1_S28_M2_2_28,0.141857672,0.656937687
FETUA_S334_M1_2_334,-1.172257953,0.657545753
ADDA_T494_M1_2_494,0.551994937,0.657545753
UBR4_S619_M1_2_619,-0.149936246,0.657545753
VPS4A_S99_M2_2_99,0.324891862,0.657545753
UBE2O_T841_M2_2_841,0.178487211,0.65811186
FETUA_S330_M1_2_330,-1.394567867,0.658145956
ABCB6_T754_M1_2_754,-0.180000358,0.658145956
FIBA_T616_M2_2_609;616,0.370056024,0.665143331
SPTB1_S1226_M1_2_1226,-0.123174236,0.665448347
MARK3_S469_M1_2_469,0.161585074,0.665448347
4EBP2_S12_M1_2_12,0.493729798,0.665448347
VPS4A_S97_M2_2_97,0.308142038,0.665448347
GAPD1_T762_M2_2_762,-0.336547797,0.66729386
AHNK_S135_M1_2_135,0.121527378,0.667540704
PGM2_S165_M1_2_165,-0.364159331,0.667540704
EPB41_T378_M1_2_378,0.190029752,0.669396414
DI3L2_S875_M1_2_875,1.183921729,0.669396414
UBP47_T932_M1_2_932,-0.112821064,0.673022002
FIBA_S501_M1_2_501,0.819873902,0.681291701
CXCL7_S52_M1_2_52,-0.169160769,0.681291701
SPTB1_S3_M1_2_3,0.042419649,0.681291701
GAPD1_S758_M2_2_758,-0.321676507,0.681291701
P4K2A_S44_M1_2_44,-0.087463961,0.681291701
GPSM3_S39_M2_2_35;39,0.14109445,0.681291701
ANK1_S817_M1_2_817,0.118947353,0.684256469
PCBP2_Y182_M1_2_182,0.110713326,0.686665491
TRY1_T137_M1_2_137,0.698665651,0.686819155
ALDOA_S276_M1_2_276,-0.64212847,0.687585607
DEMA_S105_M1_2_105,-0.104319263,0.687585607
TENS1_S1088_M1_2_1088,0.119896189,0.688483486
HBD_Y146_M1_2_146,-2.517452433,0.69263425
TGFI1_S164_M1_2_164,0.619561325,0.697587304
UBE2O_T838_M2_2_838,0.137950691,0.697682986
SGTA_T81_M2_2_81,-0.104633927,0.700667407
GNL1_S8_M1_2_8,2.145235962,0.701125471
GAPD1_S761_M2_2_761,-0.298529626,0.701731386
CATA_S517_M1_2_517,1.147028451,0.702312918
LAT3_S267_M1_2_267,0.120177448,0.702726974
NP1L4_S5_M1_2_5,0.154663324,0.704741359
SMIM1_S17_M3_2_17,-0.200465153,0.705168604
PTN12_S435_M1_2_435,-0.220424496,0.705168604
DEMA_S287_M1_2_287,0.048579319,0.705168604
SRC8_S405_M1_2_405,-0.449401122,0.705168604
SPRL1_S59_M1_2_59,-0.190658313,0.705168604
LPIN2_T287_M1_2_287,0.068608412,0.705742085
APOE_S147_M1_2_147,0.09727512,0.706991382
HBA_T9_M1_2_9,-0.038693599,0.706991382
DEMA_S22_M1_2_22,0.214742652,0.706991382
SMC4_S28_M1_2_28,-0.093524392,0.706991382
HBB_T51_M3_2_45;50;51,-0.228677155,0.709694647
EPB41_S542_M2_2_542,-0.074216555,0.710679423
NUCKS_S75_M2_2_75,-0.211496547,0.71701465
MRP4_T648_M1_2_648,0.170598131,0.71729211
DEMA_S11_M1_2_11,0.525874141,0.71729211
CAVN2_Y399_M1_2_399,-0.145712594,0.720986946
WNK1_S2372_M1_2_2372,0.113131793,0.724076455
GLPC_S122_M1_2_122,0.362972411,0.724080348
CO3_T654_M1_2_654,-0.19484599,0.726841379
BIN2_S462_M1_2_462,0.271890752,0.728077165
LPIN2_S309_M1_2_309,0.768286358,0.731488391
TCEA1_S100_M1_2_100,-0.177380506,0.731761899
CD33_S307_M1_2_307,0.120756609,0.73363574
ERMAP_S418_M1_2_418,0.298759464,0.73363574
PAK2_S36_M1_2_36,0.168849226,0.733737078
FIBA_T275_M1_2_275,-0.085240261,0.738313714
ABCF1_T108_M2_2_108,-0.167962765,0.74013301
TENS1_S1281_M1_2_1281,0.062430358,0.740652778
variant_T88_M1_2_88,0.31724944,0.740861986
DENR_T86_M1_2_86,0.158202433,0.741044961
KPRB_S227_M1_2_227,-0.32470916,0.741044961
WNK1_S2370_M1_2_2370,0.112603131,0.741044961
WDR44_T163_M1_2_163,0.181339204,0.741806012
RPGF2_S583_M1_2_583,-0.981928965,0.74458777
HBG2_S90_M3_2_70;71;85;90,-0.62697105,0.74496777
HCLS1_S275_M1_2_275,0.199715822,0.745508545
6PGL_S49_M1_2_49,-0.512057181,0.745691055
TRY1_T130_M1_2_130,0.560235111,0.745691055
DEMA_T274_M1_2_274,0.653451249,0.745691055
OSTF1_S213_M1_2_213,0.526829099,0.745691055
FCHO2_T542_M1_2_542,0.351314682,0.747468677
SRC_S35_M1_2_35,-0.683936489,0.7482244
SRC_S17_M1_2_17,-0.575428613,0.749790951
SRC_T37_M1_2_37,-0.48734661,0.756267025
FIBA_S551_M1_2_551,0.106305697,0.759116862
HBD_S51_M1_2_51,-0.101741608,0.759836214
H14_S104_M1_2_104,0.356085471,0.760233723
LSP1_S252_M1_2_252,-0.070630828,0.760233723
OPTN_S198_M1_2_198,0.288985405,0.760233723
PGM2L_S175_M1_2_175,-0.28620432,0.760757313
TRY1_S98_M1_2_98,-0.308999178,0.761211135
IQEC1_S925_M1_2_925,-0.035227313,0.762246674
S66A2_S110_M1_2_110,-0.030990337,0.762246674
ABCF1_S109_M2_2_109,-0.146643476,0.76301099
HBA_T39_M1_2_39,0.174940017,0.767890432
PRDX2_S180_M1_2_180,0.184002678,0.776171629
SPTA1_S667_M1_2_667,-0.119158061,0.776673016
FIBA_S562_M1_2_562,-0.419533037,0.777163269
SRC8_T401_M2_2_401,0.131217038,0.781254285
VTNC_Y417_M1_2_417,0.367537233,0.781546128
SRC8_T399_M2_2_399,0.127401888,0.782358537
WDR44_S96_M1_2_96,-1.497290082,0.782727389
GLPC_S104_M1_2_104,-0.152585528,0.785087485
TENS1_Y1159_M1_2_1159,0.458285611,0.785688406
KPCB_Y507_M1_2_507,0.363178435,0.785904733
GTR1_T234_M1_2_234,-0.394119937,0.785904733
WDR44_Y11_M1_2_11,0.010608998,0.789697568
FIBA_S561_M1_2_561,-0.409782759,0.789806073
SRC8_S405_M2_2_405,0.123637069,0.789806073
DEN1A_S523_M1_2_523,-0.589424298,0.789806073
IF4B_S504_M2_2_504,0.173738612,0.795243382
CBX1_S89_M1_2_89,0.99351129,0.795243382
G3P_T182_M1_2_182,0.328603414,0.79631697
RN123_T687_M1_2_687,0.297042294,0.796385629
NUCKS_S79_M1_2_79,0.856521816,0.797301381
STIM1_S616_M1_2_616,-0.122780597,0.79803931
MENT_S107_M1_2_107,-0.036951503,0.800432346
IF4B_S504_M1_2_504,0.238441274,0.801143314
FA5_S859_M1_2_859,-0.269256691,0.801715272
GLPC_S121_M1_2_121,0.25976623,0.806359117
IF4B_S498_M2_2_498,0.145465976,0.807892898
FIBA_S560_M1_2_560,-0.3465083,0.808055347
ALDOA_T269_M1_2_269,-0.408955096,0.809267033
HDGF_S165_M1_2_165,0.049921191,0.810630475
PCNP_S119_M1_2_119,-0.085200733,0.810787354
HBA_T68_M1_2_68,0.222021158,0.811207596
GLPC_T99_M1_2_99,-0.073449283,0.813179376
DCAF6_S657_M2_2_657,0.154230202,0.814633246
1433E_S46_M1_2_46,-0.106224914,0.814801176
EFMT1_S2_M1_2_2,0.072603773,0.814801176
WNK1_S1849_M1_2_1849,-0.155271007,0.815212485
CO3_S1321_M1_2_1321,-0.137677948,0.815688414
RANG_S60_M1_2_60,-0.157809002,0.815688414
EI2BB_T173_M1_2_173,-0.121003562,0.815688414
FCHO2_S394_M1_2_394,0.141216902,0.8171472
ERMAP_S474_M1_2_474,0.244922566,0.8171472
TRFE_S685_M1_2_685,0.64319507,0.817555706
CO8A_S227_M1_2_227,0.235440175,0.817555706
OTU1_S130_M1_2_130,0.017999636,0.817555706
MARE2_S200_M1_2_200,1.03936965,0.81997998
PRDX2_T182_M1_2_182,0.137704142,0.820641199
PP1R7_S27_M2_2_24;27,-0.044112709,0.823299045
FIBA_S274_M1_2_274,-0.066544704,0.825385216
SPRL1_S80_M1_2_80,0.061178636,0.826193851
ADDA_Y550_M1_2_550,0.227427296,0.826246448
NP1L4_S309_M1_2_309,-0.080890992,0.826246448
HBG1_S53_M1_2_53,0.104181623,0.828421846
HBA_Y25_M1_2_25,-0.038130849,0.829480792
KPRA_S215_M1_2_215,-0.237350416,0.829480792
HPT_T190_M3_2_172;181;186;187;190,-0.305399877,0.831182347
P4K2A_S51_M2_2_51,-0.031231682,0.83420082
SRC8_S117_M1_2_117,0.060082473,0.836018406
PDIA6_S428_M1_2_428,-0.101935833,0.836018406
AMPB_S7_M1_2_7,-0.052005786,0.8361238
HBG1_S140_M1_2_140,0.079579052,0.837773247
FIBA_S436_M1_2_436,-0.042332345,0.838121947
ANK1_S1607_M1_2_1607,0.047924887,0.841270681
CPZIP_S216_M1_2_216,0.073410682,0.841459287
NP1L1_T62_M1_2_62,0.104510453,0.842134161
AT2B1_T1165_M2_2_1155;1165,0.112995024,0.843704525
ATG9A_Y15_M1_2_15,0.082727352,0.848730606
APOA1_T103_M1_2_103,0.448155804,0.849154208
CAH2_S2_M1_2_2,-0.206743319,0.851797996
SHIP1_Y187_M1_2_187,0.28134964,0.855183061
EPB41_S540_M2_2_540,0.067991839,0.861020221
STOM_S10_M1_2_10,0.309204446,0.864683499
HACD3_S114_M1_2_114,-0.078795458,0.870103773
AT2B1_S1139_M1_2_1139,-1.114652426,0.875407232
TALDO_S4_M1_2_4,-0.061556241,0.875407232
MTNB_S87_M1_2_87,0.195320611,0.875407232
UBE2O_T1222_M1_2_1222,0.030865517,0.875407232
F117A_S178_M1_2_178,-1.556886961,0.877947276
ZCCHV_S257_M1_2_257,0.064442624,0.882731209
ICAL_S364_M1_2_364,0.15319832,0.883854819
F1142_T13_M1_2_13,0.124461291,0.883854819
UT1_S12_M1_2_12,0.024302671,0.887013999
GAPD1_S900_M1_2_900,0.047132653,0.887013999
NRDC_S96_M1_2_96,-0.18569659,0.88875229
PPME1_S243_M1_2_243,-0.128038911,0.889378192
SMIM1_S27_M2_2_27,0.040185626,0.89088766
B3AT_S357_M1_2_357,0.073439465,0.891914855
CO8A_Y230_M1_2_230,-0.261691599,0.895239245
GAPD1_S902_M1_2_902,0.033415818,0.895631677
T22D4_S215_M1_2_215,0.132401375,0.895631677
SPTA1_Y1292_M1_2_1292,-0.121935679,0.896511207
RILP_S314_M2_2_314,-0.086791707,0.896511207
KAP0_S77_M1_2_77,0.061990513,0.898571922
HBB_S50_M1_2_50,0.250438141,0.898571922
UBE2O_S839_M1_2_839,-0.033309842,0.899201179
KAD1_S181_M1_2_181,0.155266862,0.899756897
1433E_T208_M1_2_208,-0.068474212,0.899756897
TNIK_S640_M1_2_640,-0.050360001,0.899756897
TALDO_S237_M1_2_237,-0.052090667,0.899765074
LSP1_Y125_M1_2_125,-0.126800774,0.90260788
DAP1_T56_M1_2_56,-0.279204098,0.903216874
HSP7C_S2_M1_2_2,-0.090709198,0.905166857
NUCKS_S79_M2_2_79,0.069400498,0.90655616
SPTA1_S1352_M1_2_1352,-0.111305535,0.911305683
WNK1_S1978_M1_2_1978,-0.060231071,0.915440649
EPN1_S486_M1_2_486,-0.063590292,0.916470714
PCNP_T106_M1_2_106,-0.063736809,0.917071277
SPTB1_T5_M1_2_5,-0.013816901,0.9173028
PPME1_T242_M1_2_242,-0.084659493,0.9173028
HBB_T13_M2_2_5;13,-0.060975854,0.921487468
RS3_S224_M1_2_224,0.01449845,0.922359011
SMIM1_S22_M3_2_22,-0.048879015,0.926306209
UBR4_S625_M1_2_625,-0.065209202,0.93062488
PP6R1_S529_M1_2_529,-0.13381633,0.93062488
ABCB6_S755_M1_2_755,-0.064436305,0.932978339
HSPB1_S15_M1_2_15,-0.179214749,0.935144382
MARK3_S419_M1_2_419,0.1215684,0.935144382
EPN1_S473_M1_2_473,-0.046820017,0.938276074
TPD54_S166_M1_2_166,0.060290523,0.938444084
MDHC_S241_M1_2_241,0.018753157,0.93895672
SPTA1_S1363_M1_2_1363,-0.105803467,0.940121173
RILP_S315_M2_2_315,-0.046751473,0.94096798
SRRM1_T220_M1_2_220,-0.439734464,0.941830567
HBA_S82_M1_2_82,-0.108567276,0.942004624
SMIM1_S28_M3_2_28,0.038647369,0.942313149
DEMA_S29_M1_2_29,0.013441251,0.942313149
SHIP1_Y865_M1_2_865,0.028710065,0.945762956
CC084_Y18_M1_2_18,-0.019094363,0.946441731
PSMG1_T18_M1_2_18,0.009888978,0.946733614
MARK3_S540_M1_2_540,-0.035420572,0.946733614
SPRL1_S84_M1_2_84,0.023433693,0.946733614
EPN1_T470_M1_2_470,-0.046474002,0.946733614
HEP2_S37_M1_2_37,0.018355793,0.950998684
GP1BA_S632_M2_2_629;632,-0.036460526,0.950998684
BAG6_S964_M1_2_964,0.013723618,0.958290152
NUMA1_S1757_M1_2_1757,0.013361949,0.958474991
AGFG1_S179_M2_2_177;179,-0.015563353,0.95968754
REN3B_S310_M1_2_310,0.085050539,0.962711677
CAH2_Y51_M1_2_51,-0.031550701,0.964866454
CAH1_S229_M1_2_229,-0.063900451,0.965511222
G3P_T184_M1_2_184,-0.058527674,0.965511222
GP1BA_S632_M1_2_632,-0.054126444,0.967399301
SPTA1_S1358_M1_2_1358,0.045871777,0.968436251
DOK1_S269_M1_2_269,-0.026017971,0.974712299
CO3_S742_M1_2_742,-0.01590699,0.976592081
SMIM1_S27_M3_2_27,-0.012061795,0.977341291
ICAL_S366_M1_2_366,0.023334636,0.979817148
WNK1_S15_M1_2_15,0.010613355,0.981806252
G3BP1_S149_M1_2_149,0.003812743,0.984696249
PTN7_S44_M1_2_44,0.027413261,0.984943421
PSA5_S56_M1_2_56,-0.004772241,0.987269931
SMAKA_S40_M1_2_40,0.005059523,0.987269931
TBA1B_S232_M1_2_232,-0.029529777,0.990017554
HNRPU_S271_M1_2_271,0.013706187,0.990017554
IST1_S307_M1_2_307,-0.003818619,0.991757334
APOA4_S259_M1_2_259,-0.000759562,0.997585689
NP1L4_S304_M1_2_304,-0.001128672,0.997585689
NUCKS_S214_M1_2_214,0.000477561,0.998986595
NEK9_T333_M1_2_333,0,
