PG.ProteinGroups,PG.ProteinAccessions,PG.Genes,PG.ProteinDescriptions,PG.ProteinNames,[1] ID73682_01_MA10104C_6010_092922.htrms.PG.NrOfPrecursorsUsedForQuantification,[2] ID73690_01_MA10104C_6010_092922.htrms.PG.NrOfPrecursorsUsedForQuantification,[3] ID73704_01_MA10104C_6010_092922.htrms.PG.NrOfPrecursorsUsedForQuantification,[1] ID73682_01_MA10104C_6010_092922.htrms.PG.Quantity,[2] ID73690_01_MA10104C_6010_092922.htrms.PG.Quantity,[3] ID73704_01_MA10104C_6010_092922.htrms.PG.Quantity
A0A075B6H7,A0A075B6H7,IGKV3-7,Probable non-functional immunoglobulin kappa variable 3-7,KV37_HUMAN,2,2,2,57914.546875,27775.099609375,34179.13671875
A0A075B6H8,A0A075B6H8,IGKV1D-42,Probable non-functional immunoglobulin kappa variable 1D-42,KVD42_HUMAN,1,1,1,511692.75,310751.15625,223376.109375
A0A075B6H9,A0A075B6H9,IGLV4-69,Immunoglobulin lambda variable 4-69,LV469_HUMAN,8,8,6,109133.6953125,124816.2265625,41125.984375
A0A075B6I0,A0A075B6I0,IGLV8-61,Immunoglobulin lambda variable 8-61,LV861_HUMAN,4,5,5,160381.546875,104123.5625,237490.453125
A0A075B6I1,A0A075B6I1,IGLV4-60,Immunoglobulin lambda variable 4-60,LV460_HUMAN,0,4,4,NaN,14019.564453125,16615.888671875
A0A075B6I4,A0A075B6I4,IGLV10-54,Immunoglobulin lambda variable 10-54,LVX54_HUMAN,2,2,0,97763.84375,148438.625,NaN
A0A075B6J1,A0A075B6J1,IGLV5-37,Immunoglobulin lambda variable 5-37,LV537_HUMAN,2,2,2,6823.5361328125,30906.4296875,18767.03125
A0A075B6J9,A0A075B6J9,IGLV2-18,Immunoglobulin lambda variable 2-18,LV218_HUMAN,4,4,4,64896.76171875,55890.85546875,30753.49609375
A0A075B6K2,A0A075B6K2,IGLV3-12,Immunoglobulin lambda variable 3-12,LV312_HUMAN,2,2,2,218794.375,11928.310546875,76491.6015625
A0A075B6K4,A0A075B6K4,IGLV3-10,Immunoglobulin lambda variable 3-10,LV310_HUMAN,4,4,4,107301.0234375,108952.515625,111137.3125
A0A075B6K5,A0A075B6K5,IGLV3-9,Immunoglobulin lambda variable 3-9,LV39_HUMAN,11,9,9,773116.25,826671.8125,551969
A0A075B6K6,A0A075B6K6,IGLV4-3,Immunoglobulin lambda variable 4-3,LV403_HUMAN,1,0,0,6834.54833984375,NaN,NaN
A0A075B6P5;P01615,A0A075B6P5;P01615,IGKV2-28;IGKV2D-28,Immunoglobulin kappa variable 2-28;Immunoglobulin kappa variable 2D-28,KV228_HUMAN;KVD28_HUMAN,11,11,10,804920.4375,605206.5625,710617.125
A0A075B6Q5,A0A075B6Q5,IGHV3-64,Immunoglobulin heavy variable 3-64,HV364_HUMAN,4,4,4,145675.484375,136031.859375,103753.0859375
A0A075B6R2,A0A075B6R2,IGHV4-4,Immunoglobulin heavy variable 4-4,HV404_HUMAN,1,2,3,4891.22314453125,21608.234375,15859.474609375
A0A075B6S5,A0A075B6S5,IGKV1-27,Immunoglobulin kappa variable 1-27,KV127_HUMAN,23,23,23,5539561.5,5386682.5,3650180.25
A0A075B6S6;P06310,A0A075B6S6;P06310,IGKV2D-30;IGKV2-30,Immunoglobulin kappa variable 2D-30;Immunoglobulin kappa variable 2-30,KVD30_HUMAN;KV230_HUMAN,9,9,8,451438.46875,385806.65625,262507.3125
A0A075B6S9;P0DSN7,A0A075B6S9;P0DSN7,IGKV1-37;IGKV1D-37,Probable non-functional immunoglobulinn kappa variable 1-37;Probable non-functional immunoglobulinn kappa variable 1D-37,KV137_HUMAN;KVD37_HUMAN,4,4,4,1098193.125,897996.25,468021
A0A087WSX0,A0A087WSX0,IGLV5-45,Immunoglobulin lambda variable 5-45,LV545_HUMAN,1,1,1,81906.359375,69581.90625,96614.5625
A0A087WSY6,A0A087WSY6,IGKV3D-15,Immunoglobulin kappa variable 3D-15,KVD15_HUMAN,2,2,2,270625.1875,179308.53125,302603.28125
A0A087WW87;P01614,A0A087WW87;P01614,IGKV2-40;IGKV2D-40,Immunoglobulin kappa variable 2-40;Immunoglobulin kappa variable 2D-40,KV240_HUMAN;KVD40_HUMAN,2,2,2,144805.890625,170474.375,203284.328125
A0A0A0MRZ8;P04433,A0A0A0MRZ8;P04433,IGKV3D-11;IGKV3-11,Immunoglobulin kappa variable 3D-11;Immunoglobulin kappa variable 3-11,KVD11_HUMAN;KV311_HUMAN,7,7,7,1106037.75,1164694.5,1093885.75
A0A0A0MS14,A0A0A0MS14,IGHV1-45,Immunoglobulin heavy variable 1-45,HV145_HUMAN,1,1,1,75102.078125,138172.640625,77720.8984375
A0A0A0MS15,A0A0A0MS15,IGHV3-49,Immunoglobulin heavy variable 3-49,HV349_HUMAN,5,4,4,317079.78125,219099.125,206549.609375
A0A0A0MT36,A0A0A0MT36,IGKV6D-21,Immunoglobulin kappa variable 6D-21,KVD21_HUMAN,5,5,5,347148.90625,254307.40625,199717.984375
A0A0A0MT89,A0A0A0MT89,IGKJ1,Immunoglobulin kappa joining 1,KJ01_HUMAN,4,4,4,127095.40625,120826.453125,83317.25
A0A0B4J1U3,A0A0B4J1U3,IGLV1-36,Immunoglobulin lambda variable 1-36,LV136_HUMAN,2,2,2,64052.68359375,65974.84375,130703.9296875
A0A0B4J1U7,A0A0B4J1U7,IGHV6-1,Immunoglobulin heavy variable 6-1,HV601_HUMAN,7,7,7,343346.21875,296944.46875,222987.203125
A0A0B4J1V0,A0A0B4J1V0,IGHV3-15,Immunoglobulin heavy variable 3-15,HV315_HUMAN,22,22,22,935531.5625,1134563,797532.4375
A0A0B4J1V1,A0A0B4J1V1,IGHV3-21,Immunoglobulin heavy variable 3-21,HV321_HUMAN,1,1,1,51364.41015625,24857.435546875,22160.111328125
A0A0B4J1V2,A0A0B4J1V2,IGHV2-26,Immunoglobulin heavy variable 2-26,HV226_HUMAN,3,3,5,39998.8046875,102090.8984375,82904.3125
A0A0B4J1V6,A0A0B4J1V6,IGHV3-73,Immunoglobulin heavy variable 3-73,HV373_HUMAN,5,4,4,379876.21875,262749.96875,168279.8125
A0A0B4J1X5,A0A0B4J1X5,IGHV3-74,Immunoglobulin heavy variable 3-74,HV374_HUMAN,4,5,4,145271.046875,173756.53125,110689.609375
A0A0B4J1X8,A0A0B4J1X8,IGHV3-43,Immunoglobulin heavy variable 3-43,HV343_HUMAN,3,3,3,81999.0625,67898.078125,73857.0703125
A0A0B4J1Y8,A0A0B4J1Y8,IGLV9-49,Immunoglobulin lambda variable 9-49,LV949_HUMAN,3,3,3,133033.578125,96674.921875,36695.796875
A0A0B4J1Y9,A0A0B4J1Y9,IGHV3-72,Immunoglobulin heavy variable 3-72,HV372_HUMAN,6,6,6,209912.984375,325657.21875,150873.953125
A0A0B4J1Z2,A0A0B4J1Z2,IGKV1D-43,Immunoglobulin kappa variable 1D-43,KVD43_HUMAN,2,2,2,47469.45703125,59598.515625,40506.66796875
A0A0B4J2D9;P0DP09,A0A0B4J2D9;P0DP09,IGKV1D-13;IGKV1-13,Immunoglobulin kappa variable 1D-13;Immunoglobulin kappa variable 1-13,KVD13_HUMAN;KV113_HUMAN,12,11,12,800419.9375,883568.1875,707750.875
A0A0B4J2H0;P01742,A0A0B4J2H0;P01742,IGHV1-69D;IGHV1-69,Immunoglobulin heavy variable 1-69D;Immunoglobulin heavy variable 1-69,HV69D_HUMAN;HV169_HUMAN,2,2,2,61521.63671875,55524.1953125,22704.64453125
A0A0C4DH24,A0A0C4DH24,IGKV6-21,Immunoglobulin kappa variable 6-21,KV621_HUMAN,1,1,1,102049.046875,212277.15625,211115.84375
A0A0C4DH25,A0A0C4DH25,IGKV3D-20,Immunoglobulin kappa variable 3D-20,KVD20_HUMAN,7,8,7,660269.9375,471075.71875,478889.375
A0A0C4DH29,A0A0C4DH29,IGHV1-3,Immunoglobulin heavy variable 1-3,HV103_HUMAN,11,11,10,369119.5625,445874.5625,384309.0625
A0A0C4DH30,A0A0C4DH30,IGHV3-16,Probable non-functional immunoglobulin heavy variable 3-16,HV316_HUMAN,2,2,2,49548.5078125,31044.8828125,20535.79296875
A0A0C4DH31,A0A0C4DH31,IGHV1-18,Immunoglobulin heavy variable 1-18,HV118_HUMAN,8,8,7,140444.375,166439.171875,111384.2265625
A0A0C4DH32,A0A0C4DH32,IGHV3-20,Immunoglobulin heavy variable 3-20,HV320_HUMAN,4,4,5,81428.34375,55690.87109375,17122.8203125
A0A0C4DH33,A0A0C4DH33,IGHV1-24,Immunoglobulin heavy variable 1-24,HV124_HUMAN,3,3,4,32079.888671875,24036.439453125,15116.2109375
A0A0C4DH34,A0A0C4DH34,IGHV4-28,Immunoglobulin heavy variable 4-28,HV428_HUMAN,9,9,9,74185.2890625,90148.921875,40207.5546875
A0A0C4DH35,A0A0C4DH35,IGHV3-35,Probable non-functional immunoglobulin heavy variable 3-35,HV335_HUMAN,1,1,1,259422.421875,37098.58984375,95962.0859375
A0A0C4DH36,A0A0C4DH36,IGHV3-38,Probable non-functional immunoglobulin heavy variable 3-38,HV338_HUMAN,1,1,1,787663.3125,318161.40625,253197.5625
A0A0C4DH38,A0A0C4DH38,IGHV5-51,Immunoglobulin heavy variable 5-51,HV551_HUMAN,8,8,8,1162963.5,1424934.125,919348.875
A0A0C4DH39,A0A0C4DH39,IGHV1-58,Immunoglobulin heavy variable 1-58,HV158_HUMAN,2,2,1,35555.99609375,16692.326171875,16449.6171875
A0A0C4DH41;P01825,A0A0C4DH41;P01825,IGHV4-61;IGHV4-59,Immunoglobulin heavy variable 4-61;Immunoglobulin heavy variable 4-59,HV461_HUMAN;HV459_HUMAN,17,17,16,703083.75,843989.0625,527065.125
A0A0C4DH42,A0A0C4DH42,IGHV3-66,Immunoglobulin heavy variable 3-66,HV366_HUMAN,2,2,2,214348.015625,447697.78125,163174.578125
A0A0C4DH43,A0A0C4DH43,IGHV2-70D,Immunoglobulin heavy variable 2-70D,HV70D_HUMAN,7,7,6,128269.4765625,163707.046875,32931.64453125
A0A0C4DH55,A0A0C4DH55,IGKV3D-7,Immunoglobulin kappa variable 3D-7,KVD07_HUMAN,2,2,2,138156.703125,123734.3515625,62386.70703125
A0A0C4DH67,A0A0C4DH67,IGKV1-8,Immunoglobulin kappa variable 1-8,KV108_HUMAN,10,10,10,58290.20703125,102322.09375,86467.8828125
A0A0C4DH68,A0A0C4DH68,IGKV2-24,Immunoglobulin kappa variable 2-24,KV224_HUMAN,10,9,10,393208.375,469221.71875,462541.03125
A0A0C4DH69,A0A0C4DH69,IGKV1-9,Immunoglobulin kappa variable 1-9,KV109_HUMAN,2,2,2,681132.8125,757453.6875,1066034.375
A0A0C4DH72,A0A0C4DH72,IGKV1-6,Immunoglobulin kappa variable 1-6,KV106_HUMAN,10,10,10,568814.75,215816.109375,275813.25
A0A0C4DH73;P01611,A0A0C4DH73;P01611,IGKV1-12;IGKV1D-12,Immunoglobulin kappa variable 1-12;Immunoglobulin kappa variable 1D-12,KV112_HUMAN;KVD12_HUMAN,23,23,21,1443356.875,1945778.875,1005588.0625
A0A0G2JS06,A0A0G2JS06,IGLV5-39,Immunoglobulin lambda variable 5-39,LV539_HUMAN,3,4,3,8028.7197265625,21750.73046875,22316.6171875
A0A0J9YVY3,A0A0J9YVY3,IGHV7-4-1,Immunoglobulin heavy variable 7-4-1,HV741_HUMAN,3,1,3,20357.958984375,29055.359375,13183.6572265625
A0A0J9YX35,A0A0J9YX35,IGHV3-64D,Immunoglobulin heavy variable 3-64D,HV64D_HUMAN,2,2,2,112899.25,206799.796875,115759.90625
A0A0J9YXX1,A0A0J9YXX1,IGHV5-10-1,Immunoglobulin heavy variable 5-10-1,HV5X1_HUMAN,2,2,2,66669.078125,41404.08203125,39129.2421875
A0A1B0GTC6,A0A1B0GTC6,C3orf85,Uncharacterized protein C3orf85,CC085_HUMAN,1,1,1,9932.8818359375,11524.8701171875,8304.3681640625
A0M8Q6,A0M8Q6,IGLC7,Immunoglobulin lambda constant 7,IGLC7_HUMAN,2,2,2,94233.2265625,129581.8515625,101766.1171875
A2NJV5,A2NJV5,IGKV2-29,Immunoglobulin kappa variable 2-29,KV229_HUMAN,13,13,13,1066242.875,769545.1875,799048.25
A6NIZ1;P61224,A6NIZ1;P61224,RAP1BL;RAP1B,Ras-related protein Rap-1b-like protein;Ras-related protein Rap-1b,RP1BL_HUMAN;RAP1B_HUMAN,4,4,4,6871.8134765625,13245.4150390625,13211.5947265625
A7E2S9;Q2M2W7;Q9UPS8,A7E2S9;Q2M2W7;Q9UPS8,ANKRD30BL;C17orf58;ANKRD26,Putative ankyrin repeat domain-containing protein 30B-like;UPF0450 protein C17orf58;Ankyrin repeat domain-containing protein 26,A30BL_HUMAN;CQ058_HUMAN;ANR26_HUMAN,0,1,0,NaN,16684.341796875,NaN
B9A064,B9A064,IGLL5,Immunoglobulin lambda-like polypeptide 5,IGLL5_HUMAN,34,36,36,2928582.5,3239602.25,2063480.125
C9JH25,C9JH25,PRRT4,Proline-rich transmembrane protein 4,PRRT4_HUMAN,1,1,1,437162.78125,22333.568359375,66355.5859375
O00151,O00151,PDLIM1,PDZ and LIM domain protein 1,PDLI1_HUMAN,0,1,1,NaN,3932.456787109375,3679.6455078125
O00187,O00187,MASP2,Mannan-binding lectin serine protease 2,MASP2_HUMAN,4,4,4,49883.34765625,53601.12109375,33387.65234375
O00308;Q96J02;Q9H0M0,O00308;Q96J02;Q9H0M0,WWP2;ITCH;WWP1,NEDD4-like E3 ubiquitin-protein ligase WWP2;E3 ubiquitin-protein ligase Itchy homolog;NEDD4-like E3 ubiquitin-protein ligase WWP1,WWP2_HUMAN;ITCH_HUMAN;WWP1_HUMAN,2,2,2,240953.390625,157892.90625,180424.4375
O00391,O00391,QSOX1,Sulfhydryl oxidase 1,QSOX1_HUMAN,13,13,13,101600.390625,113585.953125,114157.28125
O00458,O00458,IFRD1,Interferon-related developmental regulator 1,IFRD1_HUMAN,1,1,1,613102.6875,412865.4375,511927.53125
O00533,O00533,CHL1,Neural cell adhesion molecule L1-like protein,NCHL1_HUMAN,3,4,4,8770.8359375,11880.73046875,9833.240234375
O14786,O14786,NRP1,Neuropilin-1,NRP1_HUMAN,2,3,3,5761.25146484375,8686.8017578125,8848.0146484375
O14791,O14791,APOL1,Apolipoprotein L1,APOL1_HUMAN,15,19,15,754660.125,752226.3125,801438.5625
O43866,O43866,CD5L,CD5 antigen-like,CD5L_HUMAN,22,22,22,597886,740576.0625,370750.3125
O60814;P06899;P23527;P33778;P57053;P58876;P62807;Q16778;Q5QNW6;Q8N257;Q93079;Q99877;Q99879;Q99880,O60814;P06899;P23527;P33778;P57053;P58876;P62807;Q16778;Q5QNW6;Q8N257;Q93079;Q99877;Q99879;Q99880,H2BC12;H2BC11;H2BC17;H2BC3;H2BC12L;H2BC5;H2BC4;H2BC21;H2BC18;H2BC26;H2BC9;H2BC15;H2BC14;H2BC13,Histone H2B type 1-K;Histone H2B type 1-J;Histone H2B type 1-O;Histone H2B type 1-B;Histone H2B type F-S;Histone H2B type 1-D;Histone H2B type 1-C/E/F/G/I;Histone H2B type 2-E;Histone H2B type 2-F;Histone H2B type 3-B;Histone H2B type 1-H;Histone H2B type 1-N;Histone H2B type 1-M;Histone H2B type 1-L,H2B1K_HUMAN;H2B1J_HUMAN;H2B1O_HUMAN;H2B1B_HUMAN;H2BFS_HUMAN;H2B1D_HUMAN;H2B1C_HUMAN;H2B2E_HUMAN;H2B2F_HUMAN;H2B3B_HUMAN;H2B1H_HUMAN;H2B1N_HUMAN;H2B1M_HUMAN;H2B1L_HUMAN,1,1,1,10317.7080078125,12015.8525390625,10690.685546875
O75015,O75015,FCGR3B,Low affinity immunoglobulin gamma Fc region receptor III-B,FCG3B_HUMAN,0,2,2,NaN,8616.6181640625,4489.6201171875
O75636,O75636,FCN3,Ficolin-3,FCN3_HUMAN,9,9,8,122432.15625,131016.5078125,62190.25
O75882,O75882,ATRN,Attractin,ATRN_HUMAN,30,30,30,161160.21875,176365.984375,149266.515625
O76075,O76075,DFFB,DNA fragmentation factor subunit beta,DFFB_HUMAN,2,2,2,185362.140625,292321.53125,277201.40625
O94941,O94941,UBOX5,RING finger protein 37,RNF37_HUMAN,1,1,1,185786.1875,186922.5625,126356.9140625
O95445,O95445,APOM,Apolipoprotein M,APOM_HUMAN,13,13,13,389349.15625,512394.25,413719.4375
O95497,O95497,VNN1,Pantetheinase,VNN1_HUMAN,2,2,0,4777.30908203125,17163.552734375,NaN
P00001,P00001,,concatemer,variant,83,86,98,4050123.75,3924436.5,3606002
P00441,P00441,SOD1,Superoxide dismutase [Cu-Zn],SODC_HUMAN,1,1,1,12175.1904296875,18648.3203125,18741.236328125
P00450,P00450,CP,Ceruloplasmin,CERU_HUMAN,121,120,121,3331993.5,3358204.75,3446347.25
P00488,P00488,F13A1,Coagulation factor XIII A chain,F13A_HUMAN,25,25,25,76162.046875,99554.515625,126635.890625
P00558,P00558,PGK1,Phosphoglycerate kinase 1,PGK1_HUMAN,2,2,2,4954.966796875,6516.6484375,10224.451171875
P00734,P00734,F2,Prothrombin,THRB_HUMAN,70,72,72,1954015.5,1972426.25,1915345.75
P00736,P00736,C1R,Complement C1r subcomponent,C1R_HUMAN,56,55,56,291632.125,182169.5625,301130.53125
P00738,P00738,HP,Haptoglobin,HPT_HUMAN,150,151,137,15013852,18570006,23958622
P00739,P00739,HPR,Haptoglobin-related protein,HPTR_HUMAN,12,16,16,845955.3125,885762.25,1226019
P00740,P00740,F9,Coagulation factor IX,FA9_HUMAN,12,11,12,64645.32421875,61059.35546875,65148.24609375
P00742,P00742,F10,Coagulation factor X,FA10_HUMAN,12,12,12,122543.765625,140738.890625,134759.78125
P00746,P00746,CFD,Complement factor D,CFAD_HUMAN,7,7,7,98767.4375,95717,138162.421875
P00747,P00747,PLG,Plasminogen,PLMN_HUMAN,128,128,128,1913766.5,1849329,2043601.875
P00748,P00748,F12,Coagulation factor XII,FA12_HUMAN,33,34,34,281504.46875,591445.6875,563832.125
P00751,P00751,CFB,Complement factor B,CFAB_HUMAN,94,94,89,1815339.5,1510113.375,2229501.5
P00760,P00760,,Cationic trypsin,TRY1_BOVIN,101,100,100,33741148,40215584,34573596
P00761,P00761,,Trypsin,TRYP_PIG,3,3,3,4470089,4499161,4296949.5
P00915,P00915,CA1,Carbonic anhydrase 1,CAH1_HUMAN,15,15,15,77542.7734375,106731.1171875,163185.03125
P00918,P00918,CA2,Carbonic anhydrase 2,CAH2_HUMAN,5,5,5,18823.919921875,29902.0546875,34408.078125
P01008,P01008,SERPINC1,Antithrombin-III,ANT3_HUMAN,73,74,74,3067964,3196786,3259004
P01009,P01009,SERPINA1,Alpha-1-antitrypsin,A1AT_HUMAN,136,136,136,16014423,17350492,14153341
P01011,P01011,SERPINA3,Alpha-1-antichymotrypsin,AACT_HUMAN,52,52,52,3277858.75,2879054.75,3324159.5
P01019,P01019,AGT,Angiotensinogen,ANGT_HUMAN,24,26,26,1220691,1166525,870069.4375
P01023,P01023,A2M,Alpha-2-macroglobulin,A2MG_HUMAN,299,303,302,6730648,12262652,6556779
P01024,P01024,C3,Complement C3,CO3_HUMAN,325,327,327,7313188.5,6191230,6597281
P01031,P01031,C5,Complement C5,CO5_HUMAN,106,107,107,522301.15625,460451.5625,604521.375
P01034,P01034,CST3,Cystatin-C,CYTC_HUMAN,6,6,6,42520.62890625,47398.63671875,47409.76953125
P01042,P01042,KNG1,Kininogen-1,KNG1_HUMAN,69,70,70,1567252.75,1600877.375,1713882.5
P01344,P01344,IGF2,Insulin-like growth factor II,IGF2_HUMAN,4,4,4,106326.1015625,95331.6953125,91168.546875
P01591,P01591,JCHAIN,Immunoglobulin J chain,IGJ_HUMAN,15,15,15,839237,960937.125,572991.875
P01593;P01594,P01593;P01594,IGKV1D-33;IGKV1-33,Immunoglobulin kappa variable 1D-33;Immunoglobulin kappa variable 1-33,KVD33_HUMAN;KV133_HUMAN,16,15,15,687633.4375,667819.6875,513310.9375
P01597;P04432,P01597;P04432,IGKV1-39;IGKV1D-39,Immunoglobulin kappa variable 1-39;Immunoglobulin kappa variable 1D-39,KV139_HUMAN;KVD39_HUMAN,6,6,6,87787.484375,114472.6953125,63324.53125
P01601,P01601,IGKV1D-16,Immunoglobulin kappa variable 1D-16,KVD16_HUMAN,2,2,2,57062.2890625,121472.796875,72795.3359375
P01602,P01602,IGKV1-5,Immunoglobulin kappa variable 1-5,KV105_HUMAN,8,9,8,1732839.25,2268636.5,1334715.75
P01619,P01619,IGKV3-20,Immunoglobulin kappa variable 3-20,KV320_HUMAN,28,28,28,2118684.75,2231912.5,1631467.25
P01624,P01624,IGKV3-15,Immunoglobulin kappa variable 3-15,KV315_HUMAN,18,17,18,2011793.875,1836361.625,1665855.5
P01699,P01699,IGLV1-44,Immunoglobulin lambda variable 1-44,LV144_HUMAN,17,17,16,151737.1875,177623.984375,142332.15625
P01700,P01700,IGLV1-47,Immunoglobulin lambda variable 1-47,LV147_HUMAN,3,3,3,374673.03125,379188.9375,302026.78125
P01701,P01701,IGLV1-51,Immunoglobulin lambda variable 1-51,LV151_HUMAN,12,12,12,357244.375,329843.4375,232936.046875
P01703,P01703,IGLV1-40,Immunoglobulin lambda variable 1-40,LV140_HUMAN,11,11,11,350152.03125,396309.0625,300513.3125
P01704,P01704,IGLV2-14,Immunoglobulin lambda variable 2-14,LV214_HUMAN,2,2,2,11293.2099609375,302293.09375,104585.7109375
P01705,P01705,IGLV2-23,Immunoglobulin lambda variable 2-23,LV223_HUMAN,3,0,3,24010.732421875,NaN,34725.75390625
P01706,P01706,IGLV2-11,Immunoglobulin lambda variable 2-11,LV211_HUMAN,14,14,15,69721.640625,87634.015625,64991.109375
P01709,P01709,IGLV2-8,Immunoglobulin lambda variable 2-8,LV208_HUMAN,2,2,2,137831.859375,320348.96875,174762.3125
P01714,P01714,IGLV3-19,Immunoglobulin lambda variable 3-19,LV319_HUMAN,7,7,6,237270.375,256416.21875,248376.015625
P01717,P01717,IGLV3-25,Immunoglobulin lambda variable 3-25,LV325_HUMAN,11,11,10,768954.375,1046954.375,602022.9375
P01718,P01718,IGLV3-27,Immunoglobulin lambda variable 3-27,LV327_HUMAN,7,7,6,259244.09375,423644.65625,130247.25
P01721,P01721,IGLV6-57,Immunoglobulin lambda variable 6-57,LV657_HUMAN,6,6,5,266314.1875,162567.328125,164002.296875
P01743,P01743,IGHV1-46,Immunoglobulin heavy variable 1-46,HV146_HUMAN,2,2,2,88500.84375,141114.40625,71915.640625
P01762,P01762,IGHV3-11,Immunoglobulin heavy variable 3-11,HV311_HUMAN,3,3,2,19976.630859375,25171.6640625,22495.703125
P01763,P01763,IGHV3-48,Immunoglobulin heavy variable 3-48,HV348_HUMAN,20,18,20,4886479,4330674,3783454.5
P01764,P01764,IGHV3-23,Immunoglobulin heavy variable 3-23,HV323_HUMAN,10,10,10,835796.1875,1169729.375,752687.5
P01766,P01766,IGHV3-13,Immunoglobulin heavy variable 3-13,HV313_HUMAN,2,2,2,79676.6171875,69018.6015625,78799.3125
P01767,P01767,IGHV3-53,Immunoglobulin heavy variable 3-53,HV353_HUMAN,1,1,3,14171.5615234375,22149.701171875,314625.28125
P01768;P0DP03,P01768;P0DP03,IGHV3-30;IGHV3-30-5,Immunoglobulin heavy variable 3-30;Immunoglobulin heavy variable 3-30-5,HV330_HUMAN;HVC05_HUMAN,7,7,7,340760.0625,482487.40625,294984.6875
P01780,P01780,IGHV3-7,Immunoglobulin heavy variable 3-7,HV307_HUMAN,5,4,4,301317.03125,238770.546875,213204.84375
P01782,P01782,IGHV3-9,Immunoglobulin heavy variable 3-9,HV309_HUMAN,8,7,8,1611855.5,924286.5625,1248596.5
P01814,P01814,IGHV2-70,Immunoglobulin heavy variable 2-70,HV270_HUMAN,2,0,0,26686.61328125,NaN,NaN
P01817,P01817,IGHV2-5,Immunoglobulin heavy variable 2-5,HV205_HUMAN,3,3,4,17168.865234375,19058.927734375,20009.517578125
P01833,P01833,PIGR,Polymeric immunoglobulin receptor,PIGR_HUMAN,11,11,11,21644.46484375,36291.40625,18334.240234375
P01834,P01834,IGKC,Immunoglobulin kappa constant,IGKC_HUMAN,56,56,56,47344800,41385484,33912336
P01857,P01857,IGHG1,Immunoglobulin heavy constant gamma 1,IGHG1_HUMAN,178,177,177,52051484,65523512,39974812
P01859,P01859,IGHG2,Immunoglobulin heavy constant gamma 2,IGHG2_HUMAN,70,70,70,42188604,23024312,29174210
P01860,P01860,IGHG3,Immunoglobulin heavy constant gamma 3,IGHG3_HUMAN,24,25,25,3720582,4225395,1812817.375
P01861,P01861,IGHG4,Immunoglobulin heavy constant gamma 4,IGHG4_HUMAN,38,35,36,14710360,4924981.5,6685276.5
P01871,P01871,IGHM,Immunoglobulin heavy constant mu,IGHM_HUMAN,76,75,76,4593712.5,6023351.5,2765659.5
P01876,P01876,IGHA1,Immunoglobulin heavy constant alpha 1,IGHA1_HUMAN,56,55,56,19736532,13753362,10903363
P01877,P01877,IGHA2,Immunoglobulin heavy constant alpha 2,IGHA2_HUMAN,4,2,2,874888.625,1637721.625,1310135.625
P01880,P01880,IGHD,Immunoglobulin heavy constant delta,IGHD_HUMAN,18,18,18,408635,371598.8125,237794.859375
P01889,P01889,HLA-B,"HLA class I histocompatibility antigen, B alpha chain",HLAB_HUMAN,0,1,1,NaN,7932.89697265625,6258.93701171875
P02042,P02042,HBD,Hemoglobin subunit delta,HBD_HUMAN,34,34,34,1914316,3110920.75,3348911.5
P02647,P02647,APOA1,Apolipoprotein A-I,APOA1_HUMAN,180,181,181,19894642,25333054,23050812
P02649,P02649,APOE,Apolipoprotein E,APOE_HUMAN,40,39,40,1743177.5,1534613.125,1404786.25
P02652,P02652,APOA2,Apolipoprotein A-II,APOA2_HUMAN,20,19,19,7756015,6507533.5,6425333.5
P02654,P02654,APOC1,Apolipoprotein C-I,APOC1_HUMAN,16,16,16,1544328.25,1718091.125,1732661.125
P02655,P02655,APOC2,Apolipoprotein C-II,APOC2_HUMAN,8,8,8,1032535.375,1042200.125,1092601.5
P02656,P02656,APOC3,Apolipoprotein C-III,APOC3_HUMAN,9,9,9,4040818.5,3677501.25,3809240.25
P02671,P02671,FGA,Fibrinogen alpha chain,FIBA_HUMAN,153,152,154,16242233,11709270,14620817
P02675,P02675,FGB,Fibrinogen beta chain,FIBB_HUMAN,172,173,174,14903684,10866677,13332683
P02679,P02679,FGG,Fibrinogen gamma chain,FIBG_HUMAN,142,141,143,12117387,9097439,10858804
P02730,P02730,SLC4A1,Band 3 anion transport protein,B3AT_HUMAN,2,2,2,10952.1162109375,23751.216796875,12094.3798828125
P02743,P02743,APCS,Serum amyloid P-component,SAMP_HUMAN,9,9,9,151024.953125,107180.46875,223006.03125
P02745,P02745,C1QA,Complement C1q subcomponent subunit A,C1QA_HUMAN,9,9,9,289195.59375,163732.640625,228211.578125
P02746,P02746,C1QB,Complement C1q subcomponent subunit B,C1QB_HUMAN,12,12,12,374488.3125,216140.90625,331058.9375
P02747,P02747,C1QC,Complement C1q subcomponent subunit C,C1QC_HUMAN,7,6,7,1010626.6875,566213.25,849057.9375
P02748,P02748,C9,Complement component C9,CO9_HUMAN,38,37,38,944938.375,740929.875,904913.25
P02749,P02749,APOH,Beta-2-glycoprotein 1,APOH_HUMAN,45,48,48,3726058.5,3854809.5,3821059.25
P02750,P02750,LRG1,Leucine-rich alpha-2-glycoprotein,A2GL_HUMAN,23,23,23,687010.3125,835774.3125,749938.3125
P02751,P02751,FN1,Fibronectin,FINC_HUMAN,164,164,164,1907808,1993959.25,1882533
P02753,P02753,RBP4,Retinol-binding protein 4,RET4_HUMAN,14,14,14,971475.125,706199.3125,821744.0625
P02760,P02760,AMBP,Protein AMBP,AMBP_HUMAN,28,28,28,3835225.75,3223321,4031469
P02763,P02763,ORM1,Alpha-1-acid glycoprotein 1,A1AG1_HUMAN,32,31,32,5774313.5,3760317.5,5310658
P02765,P02765,AHSG,Alpha-2-HS-glycoprotein,FETUA_HUMAN,39,39,39,4116528,3868627,4281252
P02766,P02766,TTR,Transthyretin,TTHY_HUMAN,35,35,35,5175331,4081214.5,4461214.5
P02768,P02768,ALB,Albumin,ALBU_HUMAN,600,600,604,53505788,59943312,57062856
P02774,P02774,GC,Vitamin D-binding protein,VTDB_HUMAN,76,76,76,3635992.5,3309361.5,3095401
P02775,P02775,PPBP,Platelet basic protein,CXCL7_HUMAN,13,14,14,331495.5625,547560.875,624453.5625
P02776,P02776,PF4,Platelet factor 4,PLF4_HUMAN,13,14,14,286662.1875,446193.34375,531384.9375
P02786,P02786,TFRC,Transferrin receptor protein 1,TFR1_HUMAN,6,6,6,27165.37890625,17937.056640625,28517.080078125
P02787,P02787,TF,Serotransferrin,TRFE_HUMAN,297,298,297,17010592,19731344,19563388
P02788,P02788,LTF,Lactotransferrin,TRFL_HUMAN,13,13,13,35457.04296875,24377.34375,19163.3828125
P02790,P02790,HPX,Hemopexin,HEMO_HUMAN,115,116,116,8101223.5,8538404,8090441.5
P03950,P03950,ANG,Angiogenin,ANGI_HUMAN,4,4,4,33243.40234375,31601.30859375,33090.4765625
P03951,P03951,F11,Coagulation factor XI,FA11_HUMAN,22,22,22,113906.765625,100380.8515625,103490.3359375
P03952,P03952,KLKB1,Plasma kallikrein,KLKB1_HUMAN,52,52,52,378886.5,336958.8125,356259.28125
P04003,P04003,C4BPA,C4b-binding protein alpha chain,C4BPA_HUMAN,58,58,58,2210305.5,1844909.5,1835672.75
P04004,P04004,VTN,Vitronectin,VTNC_HUMAN,43,43,43,2542124.5,2617063.75,3160412
P04040,P04040,CAT,Catalase,CATA_HUMAN,2,2,2,4346.9384765625,11080.599609375,12139.56640625
P04070,P04070,PROC,Vitamin K-dependent protein C,PROC_HUMAN,11,11,11,26619.96875,35258.4921875,41564.79296875
P04075,P04075,ALDOA,Fructose-bisphosphate aldolase A,ALDOA_HUMAN,5,5,5,11089.767578125,17049.45703125,17181.490234375
P04114,P04114,APOB,Apolipoprotein B-100,APOB_HUMAN,472,473,472,2964544.5,2253414.5,2027256.125
P04180,P04180,LCAT,Phosphatidylcholine-sterol acyltransferase,LCAT_HUMAN,11,11,11,97459.96875,86684.9140625,106406.0078125
P04196,P04196,HRG,Histidine-rich glycoprotein,HRG_HUMAN,58,60,62,2361189.25,2419627,3025321.5
P04211,P04211,IGLV7-43,Immunoglobulin lambda variable 7-43,LV743_HUMAN,4,4,4,237826.9375,195706.671875,121525.09375
P04217,P04217,A1BG,Alpha-1B-glycoprotein,A1BG_HUMAN,46,46,46,4036407,4074483.25,3705020.5
P04264,P04264,KRT1,"Keratin, type II cytoskeletal 1",K2C1_HUMAN,14,14,12,40344.953125,94144.0859375,21320.763671875
P04275,P04275,VWF,von Willebrand factor,VWF_HUMAN,51,51,52,83543.65625,81121.96875,78297.90625
P04278,P04278,SHBG,Sex hormone-binding globulin,SHBG_HUMAN,17,18,18,201080.765625,355265.71875,176538.078125
P04406,P04406,GAPDH,Glyceraldehyde-3-phosphate dehydrogenase,G3P_HUMAN,10,11,11,21313.181640625,32123.98046875,39278.4140625
P04430,P04430,IGKV1-16,Immunoglobulin kappa variable 1-16,KV116_HUMAN,8,8,8,99446.7265625,132300.34375,113982.640625
P04746;P0DTE7;P0DTE8;P0DUB6;P19961,P04746;P0DTE7;P0DTE8;P0DUB6;P19961,AMY2A;AMY1B;AMY1C;AMY1A;AMY2B,Pancreatic alpha-amylase;Alpha-amylase 1B;Alpha-amylase 1C;Alpha-amylase 1A;Alpha-amylase 2B,AMYP_HUMAN;AMY1B_HUMAN;AMY1C_HUMAN;AMY1A_HUMAN;AMY2B_HUMAN,1,1,1,5366.19580078125,8397.552734375,2208.302734375
P05019,P05019,IGF1,Insulin-like growth factor I,IGF1_HUMAN,3,3,3,18608.798828125,22422.60546875,21327.8828125
P05062,P05062,ALDOB,Fructose-bisphosphate aldolase B,ALDOB_HUMAN,1,1,1,7921.859375,10580.31640625,7286.07958984375
P05090,P05090,APOD,Apolipoprotein D,APOD_HUMAN,18,18,18,1205733.625,1869716,1125321.25
P05106,P05106,ITGB3,Integrin beta-3,ITB3_HUMAN,2,2,2,1539.3565673828125,3534.37451171875,4452.51708984375
P05154,P05154,SERPINA5,Plasma serine protease inhibitor,IPSP_HUMAN,11,11,11,186024.25,177256.234375,174544.40625
P05155,P05155,SERPING1,Plasma protease C1 inhibitor,IC1_HUMAN,52,52,52,2366106,2332728.5,2812047.75
P05156,P05156,CFI,Complement factor I,CFAI_HUMAN,35,35,35,952748.9375,794113,847097.875
P05160,P05160,F13B,Coagulation factor XIII B chain,F13B_HUMAN,33,34,35,120414.1796875,147573.328125,161699.40625
P05164,P05164,MPO,Myeloperoxidase,PERM_HUMAN,5,5,4,19577.146484375,7899.482421875,11018.7177734375
P05451;P48304,P05451;P48304,REG1A;REG1B,Lithostathine-1-alpha;Lithostathine-1-beta,REG1A_HUMAN;REG1B_HUMAN,1,1,1,10267.220703125,6481.8427734375,4244.48193359375
P05452,P05452,CLEC3B,Tetranectin,TETN_HUMAN,13,13,13,122773.3359375,153758.96875,126939.546875
P05543,P05543,SERPINA7,Thyroxine-binding globulin,THBG_HUMAN,16,16,16,144667.53125,184580.265625,176740.359375
P05546,P05546,SERPIND1,Heparin cofactor 2,HEP2_HUMAN,27,27,27,598709.9375,699850.875,741593.375
P05556,P05556,ITGB1,Integrin beta-1,ITB1_HUMAN,2,2,2,3176.85693359375,5723.1640625,4729.96923828125
P06276,P06276,BCHE,Cholinesterase,CHLE_HUMAN,7,7,7,46128.5234375,39116.875,45267.80078125
P06312,P06312,IGKV4-1,Immunoglobulin kappa variable 4-1,KV401_HUMAN,11,11,10,818507.6875,1202413.875,841204.1875
P06331,P06331,IGHV4-34,Immunoglobulin heavy variable 4-34,HV434_HUMAN,1,1,1,29407.37890625,39882.44140625,13402.005859375
P06396,P06396,GSN,Gelsolin,GELS_HUMAN,64,65,65,1219729.25,1601830.25,1357943.5
P06681,P06681,C2,Complement C2,CO2_HUMAN,40,40,41,406400.65625,304118.03125,398554.0625
P06702,P06702,S100A9,Protein S100-A9,S10A9_HUMAN,2,2,2,13977.970703125,13471.5478515625,18118.546875
P06727,P06727,APOA4,Apolipoprotein A-IV,APOA4_HUMAN,96,96,100,1270729,1435660.75,1567564
P06733,P06733,ENO1,Alpha-enolase,ENOA_HUMAN,3,4,4,10827.359375,12972.6875,13527.423828125
P07195,P07195,LDHB,L-lactate dehydrogenase B chain,LDHB_HUMAN,5,6,6,12531.12109375,18778.138671875,17150.9296875
P07225,P07225,PROS1,Vitamin K-dependent protein S,PROS_HUMAN,33,32,33,413442,358374.25,385470.4375
P07237,P07237,P4HB,Protein disulfide-isomerase,PDIA1_HUMAN,1,1,1,2137.938232421875,2130.81396484375,2792.386474609375
P07307,P07307,ASGR2,Asialoglycoprotein receptor 2,ASGR2_HUMAN,1,1,1,10514.7705078125,5377.13623046875,12403.4599609375
P07333,P07333,CSF1R,Macrophage colony-stimulating factor 1 receptor,CSF1R_HUMAN,4,4,4,29919.17578125,27714.359375,33633.45703125
P07339,P07339,CTSD,Cathepsin D,CATD_HUMAN,1,1,1,8228.6533203125,7372.2421875,7189.27783203125
P07357,P07357,C8A,Complement component C8 alpha chain,CO8A_HUMAN,33,29,33,525756.375,404837.90625,508008.34375
P07358,P07358,C8B,Complement component C8 beta chain,CO8B_HUMAN,32,32,32,303322.3125,225037.828125,306505.6875
P07359,P07359,GP1BA,Platelet glycoprotein Ib alpha chain,GP1BA_HUMAN,5,5,5,51336.06640625,60722.4609375,63974.8984375
P07360,P07360,C8G,Complement component C8 gamma chain,CO8G_HUMAN,12,12,12,143646.046875,128735.734375,153311.203125
P07437;P68371;Q13509;Q13885;Q9BVA1,P07437;P68371;Q13509;Q13885;Q9BVA1,TUBB;TUBB4B;TUBB3;TUBB2A;TUBB2B,Tubulin beta chain;Tubulin beta-4B chain;Tubulin beta-3 chain;Tubulin beta-2A chain;Tubulin beta-2B chain,TBB5_HUMAN;TBB4B_HUMAN;TBB3_HUMAN;TBB2A_HUMAN;TBB2B_HUMAN,2,2,2,3266.612060546875,12904.0546875,9672.384765625
P07602,P07602,PSAP,Prosaposin,SAP_HUMAN,1,1,1,29956.220703125,25928.3125,21177.494140625
P07737,P07737,PFN1,Profilin-1,PROF1_HUMAN,5,5,5,39671.9375,73221.984375,69346.8515625
P07996,P07996,THBS1,Thrombospondin-1,TSP1_HUMAN,33,35,35,110034.015625,131250.671875,150144.234375
P07998,P07998,RNASE1,Ribonuclease pancreatic,RNAS1_HUMAN,3,3,3,20314.46484375,24952.830078125,21480.50390625
P08185,P08185,SERPINA6,Corticosteroid-binding globulin,CBG_HUMAN,18,18,18,521936.90625,532718.9375,549255.9375
P08253,P08253,MMP2,72 kDa type IV collagenase,MMP2_HUMAN,1,1,1,1312.365234375,7282.56103515625,5034.056640625
P08311,P08311,CTSG,Cathepsin G,CATG_HUMAN,4,4,4,25017.78515625,11969.5625,9165.7587890625
P08514,P08514,ITGA2B,Integrin alpha-IIb,ITA2B_HUMAN,3,3,3,6789.87451171875,9793.74609375,10977.529296875
P08519,P08519,LPA,Apolipoprotein(a),APOA_HUMAN,73,56,44,5571471.5,883717.875,253733.625
P08567,P08567,PLEK,Pleckstrin,PLEK_HUMAN,1,1,1,21211.416015625,33735.89453125,39514.60546875
P08571,P08571,CD14,Monocyte differentiation antigen CD14,CD14_HUMAN,13,13,13,75049.4375,81181.5078125,67687.078125
P08603,P08603,CFH,Complement factor H,CFAH_HUMAN,123,123,123,2413317.25,2236068,2719079.25
P08637,P08637,FCGR3A,Low affinity immunoglobulin gamma Fc region receptor III-A,FCG3A_HUMAN,3,3,3,25746.466796875,30873.498046875,27541.771484375
P08697,P08697,SERPINF2,Alpha-2-antiplasmin,A2AP_HUMAN,36,36,36,1349658.125,1421048.25,1315163.25
P08709,P08709,F7,Coagulation factor VII,FA7_HUMAN,8,8,8,23776.43359375,24033.099609375,20743.357421875
P09172,P09172,DBH,Dopamine beta-hydroxylase,DOPO_HUMAN,6,5,6,29315.54296875,14838.2421875,59999.69140625
P09211,P09211,GSTP1,Glutathione S-transferase P,GSTP1_HUMAN,1,1,1,20.523759841918945,5677.61083984375,4234.48486328125
P09486,P09486,SPARC,SPARC,SPRC_HUMAN,5,5,5,16773.953125,24296.728515625,28771.419921875
P09871,P09871,C1S,Complement C1s subcomponent,C1S_HUMAN,42,42,42,640586.8125,376620.1875,652305.625
P09874,P09874,PARP1,Poly [ADP-ribose] polymerase 1,PARP1_HUMAN,1,1,1,58055.97265625,98185.6796875,104485.4765625
P0C0L4,P0C0L4,C4A,Complement C4-A,CO4A_HUMAN,214,185,216,2357293.5,509312.96875,3095936.5
P0C0L5,P0C0L5,C4B,Complement C4-B,CO4B_HUMAN,7,6,7,229758.453125,84382.15625,366841.3125
P0DJI8,P0DJI8,SAA1,Serum amyloid A-1 protein,SAA1_HUMAN,6,6,6,67114.40625,84434.7578125,139660.546875
P0DOY3,P0DOY3,IGLC3,Immunoglobulin lambda constant 3,IGLC3_HUMAN,14,14,14,6535783.5,7296666.5,5396919.5
P0DTE1,P0DTE1,IGHV3-38-3,Probable non-functional immunoglobulin heavy variable 3-38-3,HV383_HUMAN,2,2,2,36109.91015625,63061.13671875,19355.42578125
P10124,P10124,SRGN,Serglycin,SRGN_HUMAN,1,1,1,1159.6768798828125,4283.451171875,5100.76953125
P10643,P10643,C7,Complement component C7,CO7_HUMAN,45,44,45,262441.3125,307775.4375,237979.765625
P10646,P10646,TFPI,Tissue factor pathway inhibitor,TFPI1_HUMAN,1,1,1,3998.498779296875,2549.5185546875,4162.2392578125
P10720,P10720,PF4V1,Platelet factor 4 variant,PF4V_HUMAN,2,2,2,1450.620361328125,4064.841552734375,1205.6719970703125
P10909,P10909,CLU,Clusterin,CLUS_HUMAN,48,48,48,3554847.5,2950301.25,3605298.75
P11021,P11021,HSPA5,Endoplasmic reticulum chaperone BiP,BIP_HUMAN,6,7,7,23639.22265625,24967.279296875,21487.111328125
P11142,P11142,HSPA8,Heat shock cognate 71 kDa protein,HSP7C_HUMAN,1,1,1,2707.6806640625,8898.7744140625,11252.5986328125
P11226,P11226,MBL2,Mannose-binding protein C,MBL2_HUMAN,7,7,6,41637.41015625,87240.984375,36365.34765625
P11597,P11597,CETP,Cholesteryl ester transfer protein,CETP_HUMAN,4,3,4,72483.4453125,40062.61328125,46902.44921875
P12111,P12111,COL6A3,Collagen alpha-3(VI) chain,CO6A3_HUMAN,5,6,6,8368.779296875,13463.953125,8411.017578125
P12259,P12259,F5,Coagulation factor V,FA5_HUMAN,44,44,42,64195.40625,55886.125,65080.33984375
P12830,P12830,CDH1,Cadherin-1,CADH1_HUMAN,2,1,2,7128.2451171875,5955.15380859375,11870.6669921875
P12955,P12955,PEPD,Xaa-Pro dipeptidase,PEPD_HUMAN,1,1,1,1135.404296875,3729.83740234375,5591.3701171875
P13591,P13591,NCAM1,Neural cell adhesion molecule 1,NCAM1_HUMAN,5,5,5,20137.67578125,32117.0703125,19726.375
P13598,P13598,ICAM2,Intercellular adhesion molecule 2,ICAM2_HUMAN,2,2,2,13190.033203125,22726.650390625,20118.529296875
P13645,P13645,KRT10,"Keratin, type I cytoskeletal 10",K1C10_HUMAN,14,14,12,23202.419921875,53948.51171875,8545.7548828125
P13671,P13671,C6,Complement component C6,CO6_HUMAN,58,58,57,517187.96875,554277.5,498717.0625
P13796,P13796,LCP1,Plastin-2,PLSL_HUMAN,7,7,7,41360.84375,36970.78515625,37083.08203125
P13987,P13987,CD59,CD59 glycoprotein,CD59_HUMAN,2,2,2,4134.31103515625,4756.845703125,3516.454833984375
P14151,P14151,SELL,L-selectin,LYAM1_HUMAN,10,10,10,55501.17578125,68845.21875,57208.58984375
P14618,P14618,PKM,Pyruvate kinase PKM,KPYM_HUMAN,5,5,6,10861.1572265625,18821.533203125,19016.91015625
P14625,P14625,HSP90B1,Endoplasmin,ENPL_HUMAN,1,0,1,9762.4130859375,NaN,5314.3955078125
P14780,P14780,MMP9,Matrix metalloproteinase-9,MMP9_HUMAN,3,3,3,12121.2880859375,10887.427734375,9970.296875
P15144,P15144,ANPEP,Aminopeptidase N,AMPN_HUMAN,4,4,4,8530.0390625,23532.095703125,10584.1396484375
P15151,P15151,PVR,Poliovirus receptor,PVR_HUMAN,1,2,2,12769.013671875,29763.490234375,25093.93359375
P15169,P15169,CPN1,Carboxypeptidase N catalytic chain,CBPN_HUMAN,13,13,13,148683.46875,140683.296875,151388.546875
P15259;P18669;Q8N0Y7,P15259;P18669;Q8N0Y7,PGAM2;PGAM1;PGAM4,Phosphoglycerate mutase 2;Phosphoglycerate mutase 1;Probable phosphoglycerate mutase 4,PGAM2_HUMAN;PGAM1_HUMAN;PGAM4_HUMAN,1,1,1,7691.68994140625,8780.2822265625,8638.3232421875
P15291,P15291,B4GALT1,"Beta-1,4-galactosyltransferase 1",B4GT1_HUMAN,1,1,1,6186.22509765625,7406.52734375,6920.73486328125
P15814,P15814,IGLL1,Immunoglobulin lambda-like polypeptide 1,IGLL1_HUMAN,5,5,5,2334203,2106087.5,1444178.375
P16035,P16035,TIMP2,Metalloproteinase inhibitor 2,TIMP2_HUMAN,2,2,2,11577.630859375,14105.806640625,14784.900390625
P16070,P16070,CD44,CD44 antigen,CD44_HUMAN,1,1,1,52511.1796875,61183.52734375,49694.64453125
P16401,P16401,H1-5,Histone H1.5,H15_HUMAN,1,1,1,342783.59375,373816.65625,300362.6875
P16671,P16671,CD36,Platelet glycoprotein 4,CD36_HUMAN,1,1,1,6432.5234375,5899.0751953125,6714.99755859375
P17612;P22612;P22694,P17612;P22612;P22694,PRKACA;PRKACG;PRKACB,cAMP-dependent protein kinase catalytic subunit alpha;cAMP-dependent protein kinase catalytic subunit gamma;cAMP-dependent protein kinase catalytic subunit beta,KAPCA_HUMAN;KAPCG_HUMAN;KAPCB_HUMAN,0,0,1,NaN,NaN,86357.234375
P17936,P17936,IGFBP3,Insulin-like growth factor-binding protein 3,IBP3_HUMAN,10,11,11,165013.359375,144486.40625,131521.78125
P18065,P18065,IGFBP2,Insulin-like growth factor-binding protein 2,IBP2_HUMAN,2,4,4,15620.0517578125,21883.38671875,26084.32421875
P18206,P18206,VCL,Vinculin,VINC_HUMAN,6,6,6,10706.3115234375,19604.359375,17468.12109375
P18428,P18428,LBP,Lipopolysaccharide-binding protein,LBP_HUMAN,14,14,14,79446.3515625,52362.14453125,47578.55859375
P19021,P19021,PAM,Peptidyl-glycine alpha-amidating monooxygenase,AMD_HUMAN,1,1,1,4846.28857421875,3938.3056640625,4413.34521484375
P19320,P19320,VCAM1,Vascular cell adhesion protein 1,VCAM1_HUMAN,8,8,8,22481.9296875,23206.26953125,26795.2421875
P19652,P19652,ORM2,Alpha-1-acid glycoprotein 2,A1AG2_HUMAN,19,18,19,2367106.25,1705269.875,1930696.375
P19823,P19823,ITIH2,Inter-alpha-trypsin inhibitor heavy chain H2,ITIH2_HUMAN,68,68,68,1431679.125,1492098.625,1528227
P19827,P19827,ITIH1,Inter-alpha-trypsin inhibitor heavy chain H1,ITIH1_HUMAN,57,57,55,1826472.625,1711834.125,1873731.5
P20742,P20742,PZP,Pregnancy zone protein,PZP_HUMAN,54,21,55,278043.9375,14078.015625,303732.78125
P20851,P20851,C4BPB,C4b-binding protein beta chain,C4BPB_HUMAN,14,14,14,269883.78125,231174.078125,240919.921875
P21333,P21333,FLNA,Filamin-A,FLNA_HUMAN,21,22,22,13748.1044921875,25914.220703125,25354.27734375
P22105,P22105,TNXB,Tenascin-X,TENX_HUMAN,3,3,3,24578.033203125,19607.193359375,16182.4794921875
P22352,P22352,GPX3,Glutathione peroxidase 3,GPX3_HUMAN,6,6,6,44749.10546875,48368.42578125,49048.2734375
P22692,P22692,IGFBP4,Insulin-like growth factor-binding protein 4,IBP4_HUMAN,1,1,1,10218.2685546875,10455.5205078125,9373.201171875
P22792,P22792,CPN2,Carboxypeptidase N subunit 2,CPN2_HUMAN,14,14,14,490394.28125,497479.46875,569158.5
P22891,P22891,PROZ,Vitamin K-dependent protein Z,PROZ_HUMAN,8,8,8,41059.54296875,46279.96875,34945.99609375
P23083,P23083,IGHV1-2,Immunoglobulin heavy variable 1-2,HV102_HUMAN,0,1,1,NaN,20515.703125,12111.4873046875
P23142,P23142,FBLN1,Fibulin-1,FBLN1_HUMAN,23,23,23,280235,321679.625,283589.375
P23470,P23470,PTPRG,Receptor-type tyrosine-protein phosphatase gamma,PTPRG_HUMAN,2,2,2,11126.943359375,16053.5732421875,10315.5673828125
P23528;Q9Y281,P23528;Q9Y281,CFL1;CFL2,Cofilin-1;Cofilin-2,COF1_HUMAN;COF2_HUMAN,1,1,1,15191.3486328125,25509.884765625,27176.3203125
P24158,P24158,PRTN3,Myeloblastin,PRTN3_HUMAN,5,5,5,17136.83203125,10978.2470703125,7211.11474609375
P24592,P24592,IGFBP6,Insulin-like growth factor-binding protein 6,IBP6_HUMAN,3,3,3,21554.818359375,27549.279296875,25331.421875
P24593,P24593,IGFBP5,Insulin-like growth factor-binding protein 5,IBP5_HUMAN,4,4,4,10003.6005859375,12696.0732421875,9568.1796875
P25311,P25311,AZGP1,Zinc-alpha-2-glycoprotein,ZA2G_HUMAN,46,46,46,1495218.125,1426091.125,1490638.5
P26927,P26927,MST1,Hepatocyte growth factor-like protein,HGFL_HUMAN,23,23,23,78137.8125,71970.75,71374.15625
P27169,P27169,PON1,Serum paraoxonase/arylesterase 1,PON1_HUMAN,15,15,15,1595055.375,1195867.125,1271452
P27918,P27918,CFP,Properdin,PROP_HUMAN,12,12,12,90644.421875,96315.140625,85476.8359375
P28799,P28799,GRN,Progranulin,GRN_HUMAN,2,2,2,37016.6015625,24844.626953125,17921.3984375
P29320,P29320,EPHA3,Ephrin type-A receptor 3,EPHA3_HUMAN,1,1,1,28519.673828125,20694.755859375,20764.130859375
P29622,P29622,SERPINA4,Kallistatin,KAIN_HUMAN,28,28,29,244133.859375,314530.71875,291381.1875
P30041,P30041,PRDX6,Peroxiredoxin-6,PRDX6_HUMAN,6,6,6,13260,24999.09375,28576.275390625
P30043,P30043,BLVRB,Flavin reductase (NADPH),BLVRB_HUMAN,6,6,6,17161.9296875,32191.255859375,39859.5
P30740,P30740,SERPINB1,Leukocyte elastase inhibitor,ILEU_HUMAN,1,1,1,4714.990234375,8218.703125,9424.998046875
P32119,P32119,PRDX2,Peroxiredoxin-2,PRDX2_HUMAN,11,11,11,43009.3203125,73337.4375,81502.7265625
P33151,P33151,CDH5,Cadherin-5,CADH5_HUMAN,5,5,5,53557.0546875,60452.01171875,64802.88671875
P33908,P33908,MAN1A1,"Mannosyl-oligosaccharide 1,2-alpha-mannosidase IA",MA1A1_HUMAN,3,3,3,18153.986328125,12619.716796875,13904.8994140625
P35443,P35443,THBS4,Thrombospondin-4,TSP4_HUMAN,4,5,5,8265.3642578125,21464.662109375,16651.359375
P35527,P35527,KRT9,"Keratin, type I cytoskeletal 9",K1C9_HUMAN,5,5,4,18452.396484375,47506.046875,14432.1416015625
P35542,P35542,SAA4,Serum amyloid A-4 protein,SAA4_HUMAN,12,12,12,1332105.875,1148761,1232157.125
P35579,P35579,MYH9,Myosin-9,MYH9_HUMAN,5,4,5,6178.416015625,8657.833984375,12073.7119140625
P35858,P35858,IGFALS,Insulin-like growth factor-binding protein complex acid labile subunit,ALS_HUMAN,36,36,36,534221.4375,491851.96875,458495.78125
P35908,P35908,KRT2,"Keratin, type II cytoskeletal 2 epidermal",K22E_HUMAN,8,9,7,29800.11328125,61615.69140625,13086.8544921875
P36955,P36955,SERPINF1,Pigment epithelium-derived factor,PEDF_HUMAN,21,21,21,300652.96875,306412.03125,308223.96875
P36980,P36980,CFHR2,Complement factor H-related protein 2,FHR2_HUMAN,3,2,3,53409.59375,43779.42578125,93133.359375
P37802,P37802,TAGLN2,Transgelin-2,TAGL2_HUMAN,5,5,5,15290.146484375,25392.1171875,21978.84765625
P39060,P39060,COL18A1,Collagen alpha-1(XVIII) chain,COIA1_HUMAN,2,2,2,11173.9755859375,10571.091796875,8374.6572265625
P40197,P40197,GP5,Platelet glycoprotein V,GPV_HUMAN,2,3,3,8257.77734375,20113.18359375,18910.009765625
P41159,P41159,LEP,Leptin,LEP_HUMAN,1,0,1,457.3394470214844,NaN,5584.76708984375
P41222,P41222,PTGDS,Prostaglandin-H2 D-isomerase,PTGDS_HUMAN,3,3,3,71399.84375,81802.515625,77290.5
P43121,P43121,MCAM,Cell surface glycoprotein MUC18,MUC18_HUMAN,2,2,2,8019.380859375,16717.89453125,7303.74658203125
P43251,P43251,BTD,Biotinidase,BTD_HUMAN,10,10,10,127311.2421875,144402.125,142012.671875
P43652,P43652,AFM,Afamin,AFAM_HUMAN,69,69,69,980843.4375,1102828.25,1104049.25
P48059,P48059,LIMS1,LIM and senescent cell antigen-like-containing domain protein 1,LIMS1_HUMAN,2,2,2,1679.653076171875,4719.25830078125,3171.999267578125
P48740,P48740,MASP1,Mannan-binding lectin serine protease 1,MASP1_HUMAN,15,15,15,44188.7265625,60614.88671875,38015.51953125
P49454,P49454,CENPF,Centromere protein F,CENPF_HUMAN,1,1,1,581219.0625,612992,560273.0625
P49747,P49747,COMP,Cartilage oligomeric matrix protein,COMP_HUMAN,6,5,6,35617.796875,33182.46484375,40171.51953125
P49908,P49908,SELENOP,Selenoprotein P,SEPP1_HUMAN,11,11,11,212577.328125,230907.9375,211656.0625
P49913,P49913,CAMP,Cathelicidin antimicrobial peptide,CAMP_HUMAN,6,6,6,39881.34375,45999.26953125,14099.7431640625
P51884,P51884,LUM,Lumican,LUM_HUMAN,16,16,16,209253.296875,258976.640625,227279.90625
P52566,P52566,ARHGDIB,Rho GDP-dissociation inhibitor 2,GDIR2_HUMAN,2,2,2,8879.7392578125,10759.638671875,12041.904296875
P54108,P54108,CRISP3,Cysteine-rich secretory protein 3,CRIS3_HUMAN,1,1,1,78378.984375,109045.4375,73599.1015625
P55056,P55056,APOC4,Apolipoprotein C-IV,APOC4_HUMAN,9,8,9,87824.3125,82051.453125,63405.1484375
P55058,P55058,PLTP,Phospholipid transfer protein,PLTP_HUMAN,8,8,8,79099.3125,109772.875,92159.265625
P55103,P55103,INHBC,Inhibin beta C chain,INHBC_HUMAN,1,1,1,5053.23583984375,5637.34326171875,7090.98095703125
P55290,P55290,CDH13,Cadherin-13,CAD13_HUMAN,3,3,3,14106.7353515625,19995.2421875,15637.744140625
P59665;P59666,P59665;P59666,DEFA1;DEFA3,Neutrophil defensin 1;Neutrophil defensin 3,DEF1_HUMAN;DEF3_HUMAN,3,3,3,108332.8359375,93477.953125,99133.609375
P60174,P60174,TPI1,Triosephosphate isomerase,TPIS_HUMAN,3,3,3,3915.617431640625,7190.83935546875,5412.3408203125
P60660,P60660,MYL6,Myosin light polypeptide 6,MYL6_HUMAN,3,3,3,5722.71240234375,6619.24658203125,7715.98193359375
P60709;P63261,P60709;P63261,ACTB;ACTG1,"Actin, cytoplasmic 1;Actin, cytoplasmic 2",ACTB_HUMAN;ACTG_HUMAN,21,22,22,256028.484375,381376.625,378479.1875
P60985,P60985,KRTDAP,Keratinocyte differentiation-associated protein,KTDAP_HUMAN,1,1,1,39876.203125,42584.93359375,30196.75
P61626,P61626,LYZ,Lysozyme C,LYSC_HUMAN,5,5,5,156451.34375,167709.921875,139703.828125
P61769,P61769,B2M,Beta-2-microglobulin,B2MG_HUMAN,3,3,3,59164.36328125,58692.12890625,68804.171875
P61916,P61916,NPC2,NPC intracellular cholesterol transporter 2,NPC2_HUMAN,1,1,1,3523.156494140625,5458.5830078125,8111.95654296875
P62328,P62328,TMSB4X,Thymosin beta-4,TYB4_HUMAN,2,2,2,21670.41015625,32722.3671875,18441.67578125
P62736;P63267,P62736;P63267,ACTA2;ACTG2,"Actin, aortic smooth muscle;Actin, gamma-enteric smooth muscle",ACTA_HUMAN;ACTH_HUMAN,2,2,2,22779.748046875,35431.5234375,32504.515625
P62805,P62805,H4C1,Histone H4,H4_HUMAN,1,1,1,8945.1318359375,15791.1220703125,12744.419921875
P62937,P62937,PPIA,Peptidyl-prolyl cis-trans isomerase A,PPIA_HUMAN,7,7,7,13488.076171875,22327.849609375,21637.8671875
P63104,P63104,YWHAZ,14-3-3 protein zeta/delta,1433Z_HUMAN,5,5,5,18741.994140625,28393.29296875,27493.927734375
P67936,P67936,TPM4,Tropomyosin alpha-4 chain,TPM4_HUMAN,3,3,3,8840.556640625,13920.0400390625,12280.619140625
P68363,P68363,TUBA1B,Tubulin alpha-1B chain,TBA1B_HUMAN,1,1,1,7414.5322265625,12007.7294921875,11533.103515625
P68366,P68366,TUBA4A,Tubulin alpha-4A chain,TBA4A_HUMAN,4,4,4,13978.9130859375,22560.75390625,25515.46875
P68871,P68871,HBB,Hemoglobin subunit beta,HBB_HUMAN,27,27,27,2717072,4315332.5,4842666.5
P69891,P69891,HBG1,Hemoglobin subunit gamma-1,HBG1_HUMAN,1,1,0,2896.112548828125,34303.44921875,NaN
P69905,P69905,HBA1,Hemoglobin subunit alpha,HBA_HUMAN,59,59,59,2063867.625,3287771,3552122.25
P80108,P80108,GPLD1,Phosphatidylinositol-glycan-specific phospholipase D,PHLD_HUMAN,29,29,29,152773.65625,182451.40625,202432.984375
P80748,P80748,IGLV3-21,Immunoglobulin lambda variable 3-21,LV321_HUMAN,14,15,15,1253874.625,1914865.875,1212925.875
P98160,P98160,HSPG2,Basement membrane-specific heparan sulfate proteoglycan core protein,PGBM_HUMAN,7,8,8,11910.8154296875,14556.8837890625,10485.2705078125
Q01459,Q01459,CTBS,Di-N-acetylchitobiase,DIAC_HUMAN,1,1,1,9.321516990661621,354.0352783203125,212.93333435058594
Q01518,Q01518,CAP1,Adenylyl cyclase-associated protein 1,CAP1_HUMAN,2,2,2,10290.1787109375,19247.9296875,18202.26171875
Q03591,Q03591,CFHR1,Complement factor H-related protein 1,FHR1_HUMAN,18,17,17,970466.625,1035338.25,798915.3125
Q04756,Q04756,HGFAC,Hepatocyte growth factor activator,HGFA_HUMAN,16,16,17,61277.7109375,96859.2265625,98157.109375
Q06033,Q06033,ITIH3,Inter-alpha-trypsin inhibitor heavy chain H3,ITIH3_HUMAN,31,31,31,321468.84375,327011.46875,374761.40625
Q07507,Q07507,DPT,Dermatopontin,DERM_HUMAN,1,1,1,8440.6689453125,8148.69482421875,10285.9130859375
Q08380,Q08380,LGALS3BP,Galectin-3-binding protein,LG3BP_HUMAN,14,15,15,65743.640625,128539.25,215829.765625
Q08830,Q08830,FGL1,Fibrinogen-like protein 1,FGL1_HUMAN,3,3,3,8042.7646484375,11502.677734375,3399.02490234375
Q12805,Q12805,EFEMP1,EGF-containing fibulin-like extracellular matrix protein 1,FBLN3_HUMAN,15,15,15,80659.046875,84135.3984375,76106.3203125
Q12860,Q12860,CNTN1,Contactin-1,CNTN1_HUMAN,1,1,1,7910.0625,13622.2939453125,8606.3125
Q12907,Q12907,LMAN2,Vesicular integral-membrane protein VIP36,LMAN2_HUMAN,1,1,1,20149.21875,17480.978515625,13258.2255859375
Q13093,Q13093,PLA2G7,Platelet-activating factor acetylhydrolase,PAFA_HUMAN,3,3,3,6563.68896484375,11013.271484375,6843.68994140625
Q13103,Q13103,SPP2,Secreted phosphoprotein 24,SPP24_HUMAN,4,4,4,40240.84765625,41349.85546875,41819.421875
Q13201,Q13201,MMRN1,Multimerin-1,MMRN1_HUMAN,5,5,5,11787.2939453125,12613.62109375,11117.763671875
Q13418,Q13418,ILK,Integrin-linked protein kinase,ILK_HUMAN,3,3,3,5485.12060546875,7408.556640625,8025.9736328125
Q13569,Q13569,TDG,G/T mismatch-specific thymine DNA glycosylase,TDG_HUMAN,1,1,1,122291.53125,109411.4375,64417.4296875
Q13619,Q13619,CUL4A,Cullin-4A,CUL4A_HUMAN,1,1,1,72928.84375,51499.2734375,100174.3359375
Q13790,Q13790,APOF,Apolipoprotein F,APOF_HUMAN,1,1,1,141417.5625,197280.765625,164786.328125
Q13822,Q13822,ENPP2,Ectonucleotide pyrophosphatase/phosphodiesterase family member 2,ENPP2_HUMAN,6,6,6,13324.947265625,22532.732421875,12729.66796875
Q14118,Q14118,DAG1,Dystroglycan 1,DAG1_HUMAN,1,1,1,23636.30078125,25731.37109375,20529.81640625
Q14515,Q14515,SPARCL1,SPARC-like protein 1,SPRL1_HUMAN,2,2,2,4946.72412109375,12068.9443359375,6925.8271484375
Q14520,Q14520,HABP2,Hyaluronan-binding protein 2,HABP2_HUMAN,18,18,18,212293.78125,177537.671875,237707.84375
Q14573,Q14573,ITPR3,"Inositol 1,4,5-trisphosphate receptor type 3",ITPR3_HUMAN,1,1,1,34836.31640625,36041.984375,28994.193359375
Q14624,Q14624,ITIH4,Inter-alpha-trypsin inhibitor heavy chain H4,ITIH4_HUMAN,83,83,83,2044264.75,1664662.125,1978630.375
Q14766,Q14766,LTBP1,Latent-transforming growth factor beta-binding protein 1,LTBP1_HUMAN,1,2,2,2567.974609375,4672.86328125,8984.2216796875
Q15063,Q15063,POSTN,Periostin,POSTN_HUMAN,1,1,1,2142.587890625,3610.2744140625,2187.216064453125
Q15113,Q15113,PCOLCE,Procollagen C-endopeptidase enhancer 1,PCOC1_HUMAN,3,4,4,14092.765625,18483.873046875,22025.759765625
Q15166,Q15166,PON3,Serum paraoxonase/lactonase 3,PON3_HUMAN,3,3,3,37203.16015625,61648.01953125,50528.7578125
Q15485,Q15485,FCN2,Ficolin-2,FCN2_HUMAN,8,8,8,66871.5546875,64683.453125,62273.09765625
Q15582,Q15582,TGFBI,Transforming growth factor-beta-induced protein ig-h3,BGH3_HUMAN,15,14,15,79394.4765625,75845.1875,78909.015625
Q15848,Q15848,ADIPOQ,Adiponectin,ADIPO_HUMAN,3,3,3,22200.703125,30489.296875,30955.970703125
Q16610,Q16610,ECM1,Extracellular matrix protein 1,ECM1_HUMAN,26,24,26,188218.46875,165140.609375,215739.28125
Q16627,Q16627,CCL14,C-C motif chemokine 14,CCL14_HUMAN,1,1,1,404.94671630859375,6112.21533203125,3483.01025390625
Q3V5L5,Q3V5L5,MGAT5B,"Alpha-1,6-mannosylglycoprotein 6-beta-N-acetylglucosaminyltransferase B",MGT5B_HUMAN,1,0,0,29195.072265625,NaN,NaN
Q5JTW2,Q5JTW2,CEP78,Centrosomal protein of 78 kDa,CEP78_HUMAN,1,1,1,2229189.5,1759169.75,1731289.5
Q5SZK8,Q5SZK8,FREM2,FRAS1-related extracellular matrix protein 2,FREM2_HUMAN,1,1,1,233251.5625,121594,170778.609375
Q6EMK4,Q6EMK4,VASN,Vasorin,VASN_HUMAN,6,6,6,48300.55859375,55347.1015625,53482.26171875
Q6Q788,Q6Q788,APOA5,Apolipoprotein A-V,APOA5_HUMAN,3,3,3,12337.5380859375,20068.912109375,13547.6455078125
Q6UX71,Q6UX71,PLXDC2,Plexin domain-containing protein 2,PXDC2_HUMAN,1,1,1,2785.604248046875,3567.15576171875,4349.23779296875
Q6UXB8,Q6UXB8,PI16,Peptidase inhibitor 16,PI16_HUMAN,4,6,6,17598.142578125,30351.24609375,28551.708984375
Q6UY14,Q6UY14,ADAMTSL4,ADAMTS-like protein 4,ATL4_HUMAN,1,1,1,20528.931640625,23444.939453125,16381.6044921875
Q76LX8,Q76LX8,ADAMTS13,A disintegrin and metalloproteinase with thrombospondin motifs 13,ATS13_HUMAN,3,3,3,15921.4033203125,12923.599609375,21093.193359375
Q86U17,Q86U17,SERPINA11,Serpin A11,SPA11_HUMAN,1,1,0,2311.043701171875,3099.79150390625,NaN
Q86UD1,Q86UD1,OAF,Out at first protein homolog,OAF_HUMAN,1,1,1,5113.68896484375,3905.1494140625,3074.972900390625
Q86UX7,Q86UX7,FERMT3,Fermitin family homolog 3,URP2_HUMAN,8,8,8,15857.4404296875,26395.751953125,28796.974609375
Q86VB7,Q86VB7,CD163,Scavenger receptor cysteine-rich type 1 protein M130,C163A_HUMAN,2,3,2,6666.5576171875,6334.04833984375,8669.8720703125
Q86XI8,Q86XI8,ZSWIM9,Uncharacterized protein ZSWIM9,ZSWM9_HUMAN,1,1,1,304742.5625,325918.3125,226382.109375
Q86YA3,Q86YA3,ZGRF1,5'-3' DNA helicase ZGRF1,ZGRF1_HUMAN,1,1,1,9625.337890625,6324.55419921875,3483.7919921875
Q8IUE1,Q8IUE1,TGIF2LX,Homeobox protein TGIF2LX,TF2LX_HUMAN,1,1,1,10625.4267578125,11101.2001953125,11025.4755859375
Q8N9W8,Q8N9W8,GARIN2,Golgi-associated RAB2 interactor protein 2,GAR2_HUMAN,1,1,1,358014.875,378639.6875,285353.46875
Q8NBP7,Q8NBP7,PCSK9,Proprotein convertase subtilisin/kexin type 9,PCSK9_HUMAN,4,3,4,13462.94140625,7902.19921875,9580.4580078125
Q92496,Q92496,CFHR4,Complement factor H-related protein 4,FHR4_HUMAN,8,6,8,75646.4609375,35509.6328125,99721.6640625
Q92820,Q92820,GGH,Gamma-glutamyl hydrolase,GGH_HUMAN,2,2,2,40263.20703125,30621.9375,36458.5234375
Q92954,Q92954,PRG4,Proteoglycan 4,PRG4_HUMAN,13,13,14,131784.484375,93895.9765625,106246.828125
Q96EE4,Q96EE4,CCDC126,Coiled-coil domain-containing protein 126,CC126_HUMAN,1,1,1,9929.431640625,8874.2236328125,11564.5361328125
Q96IY4,Q96IY4,CPB2,Carboxypeptidase B2,CBPB2_HUMAN,17,17,17,210708.578125,232641.515625,298053.03125
Q96J42,Q96J42,TXNDC15,Thioredoxin domain-containing protein 15,TXD15_HUMAN,0,1,1,NaN,15321.6201171875,10361.5869140625
Q96KN2,Q96KN2,CNDP1,Beta-Ala-His dipeptidase,CNDP1_HUMAN,20,19,20,67484.71875,54431.59765625,81383.3515625
Q96PD5,Q96PD5,PGLYRP2,N-acetylmuramoyl-L-alanine amidase,PGRP2_HUMAN,32,32,32,732480.8125,727522.25,787079.125
Q99439,Q99439,CNN2,Calponin-2,CNN2_HUMAN,1,1,1,2067.491943359375,4784.57666015625,3534.954345703125
Q99784,Q99784,OLFM1,Noelin,NOE1_HUMAN,2,2,2,22733.83984375,28879.173828125,19576.72265625
Q99969,Q99969,RARRES2,Retinoic acid receptor responder protein 2,RARR2_HUMAN,3,3,3,17301.4765625,12346.8466796875,16545.064453125
Q9BUN1,Q9BUN1,MENT,Protein MENT,MENT_HUMAN,1,1,1,16329.14453125,27153.150390625,15286.3486328125
Q9BWP8,Q9BWP8,COLEC11,Collectin-11,COL11_HUMAN,5,5,5,26230.640625,22723.8671875,21948.236328125
Q9BXR6,Q9BXR6,CFHR5,Complement factor H-related protein 5,FHR5_HUMAN,14,14,14,53751.88671875,44086.80859375,70234.4453125
Q9BXY5,Q9BXY5,CAPS2,Calcyphosin-2,CAYP2_HUMAN,1,1,1,2810972,2241295.75,2462377
Q9BY67,Q9BY67,CADM1,Cell adhesion molecule 1,CADM1_HUMAN,1,1,1,1728.0888671875,4585.158203125,2689.072021484375
Q9BYJ0,Q9BYJ0,FGFBP2,Fibroblast growth factor-binding protein 2,FGFP2_HUMAN,1,1,1,1600.3206787109375,6634.697265625,2769.728271484375
Q9H299,Q9H299,SH3BGRL3,SH3 domain-binding glutamic acid-rich-like protein 3,SH3L3_HUMAN,1,1,1,5554.947265625,14451.427734375,14822.0478515625
Q9H4A9,Q9H4A9,DPEP2,Dipeptidase 2,DPEP2_HUMAN,2,2,2,1994.7772216796875,3809.67919921875,5465.3837890625
Q9H4B7,Q9H4B7,TUBB1,Tubulin beta-1 chain,TBB1_HUMAN,2,3,3,9142.4697265625,11554.5322265625,20464.400390625
Q9H4G4,Q9H4G4,GLIPR2,Golgi-associated plant pathogenesis-related protein 1,GAPR1_HUMAN,1,1,1,14695.8603515625,12924.240234375,13875.435546875
Q9HBI1,Q9HBI1,PARVB,Beta-parvin,PARVB_HUMAN,1,1,1,5345.45947265625,9763.6591796875,11680.4423828125
Q9HDC9,Q9HDC9,APMAP,Adipocyte plasma membrane-associated protein,APMAP_HUMAN,4,4,4,31209.6328125,45148.96875,36285.6484375
Q9NPG3,Q9NPG3,UBN1,Ubinuclein-1,UBN1_HUMAN,4,4,4,4245410,2480284,3337427
Q9NPH3,Q9NPH3,IL1RAP,Interleukin-1 receptor accessory protein,IL1AP_HUMAN,4,4,4,27154.958984375,66583.8125,36340.828125
Q9NPY3,Q9NPY3,CD93,Complement component C1q receptor,C1QR1_HUMAN,2,2,2,5597.5556640625,12291.265625,8127.74951171875
Q9NQ79,Q9NQ79,CRTAC1,Cartilage acidic protein 1,CRAC1_HUMAN,12,12,12,37977.83203125,38810.390625,41307.72265625
Q9NU22,Q9NU22,MDN1,Midasin,MDN1_HUMAN,1,1,0,6732.55322265625,5997.99609375,NaN
Q9NZP8,Q9NZP8,C1RL,Complement C1r subcomponent-like protein,C1RL_HUMAN,9,9,9,109572.65625,98158.2109375,117751.3046875
Q9P0K7,Q9P0K7,RAI14,Ankycorbin,RAI14_HUMAN,1,1,1,55649.203125,57910.07421875,51717.265625
Q9UBP4,Q9UBP4,DKK3,Dickkopf-related protein 3,DKK3_HUMAN,1,1,1,10529.8359375,12730.7861328125,10006.029296875
Q9UBX5,Q9UBX5,FBLN5,Fibulin-5,FBLN5_HUMAN,2,2,2,7087.30419921875,8337.4541015625,8492.9404296875
Q9UGM5,Q9UGM5,FETUB,Fetuin-B,FETUB_HUMAN,7,7,7,134627.53125,126699.0546875,81838.0546875
Q9UHG3,Q9UHG3,PCYOX1,Prenylcysteine oxidase 1,PCYOX_HUMAN,5,5,4,20407.19140625,24111.908203125,14072.025390625
Q9UJJ9,Q9UJJ9,GNPTG,N-acetylglucosamine-1-phosphotransferase subunit gamma,GNPTG_HUMAN,1,1,1,3528.68359375,9474.9677734375,8992.9326171875
Q9UK55,Q9UK55,SERPINA10,Protein Z-dependent protease inhibitor,ZPI_HUMAN,22,22,22,146989.09375,141418.65625,138860.921875
Q9ULI3,Q9ULI3,HEG1,Protein HEG homolog 1,HEG1_HUMAN,1,1,1,20922.74609375,25760.10546875,20558.599609375
Q9UNN8,Q9UNN8,PROCR,Endothelial protein C receptor,EPCR_HUMAN,3,3,3,9671.77734375,19768.2421875,27360.8125
Q9UNW1,Q9UNW1,MINPP1,Multiple inositol polyphosphate phosphatase 1,MINP1_HUMAN,3,3,3,15345.0078125,14185.388671875,14532.72265625
Q9Y274,Q9Y274,ST3GAL6,"Type 2 lactosamine alpha-2,3-sialyltransferase",SIA10_HUMAN,1,1,1,47356.89453125,75467.65625,48378.9765625
Q9Y337;Q9Y5K2,Q9Y337;Q9Y5K2,KLK5;KLK4,Kallikrein-5;Kallikrein-4,KLK5_HUMAN;KLK4_HUMAN,1,1,1,134752.6875,161158.546875,156708.625
Q9Y490,Q9Y490,TLN1,Talin-1,TLN1_HUMAN,27,31,31,19661.9765625,32132.73046875,32771.46875
Q9Y5C1,Q9Y5C1,ANGPTL3,Angiopoietin-related protein 3,ANGL3_HUMAN,1,1,1,35912.7890625,14319.896484375,23174.140625
Q9Y5Y7,Q9Y5Y7,LYVE1,Lymphatic vessel endothelial hyaluronic acid receptor 1,LYVE1_HUMAN,5,5,5,20069.525390625,21134.904296875,21765.052734375
Q9Y646,Q9Y646,CPQ,Carboxypeptidase Q,CBPQ_HUMAN,1,1,1,4607.8818359375,9319.685546875,10213.376953125
Q9Y6R7,Q9Y6R7,FCGBP,IgGFc-binding protein,FCGBP_HUMAN,17,19,19,42181.79296875,55661.4765625,69320.5546875
