"Scan/Ion","ID112496_Pool01_Total","ID112496_Pool02_Total","ID112496_Pool03_Total","IDGlycoSPQC_03_Total","IDGlycoSPQC_04_Total","IDGlycoSPQC_05_Total","SPQC_01_Total","SPQC_02_Total","SPQC_03_Total","ID112496_Pool01_%Total","ID112496_Pool02_%Total","ID112496_Pool03_%Total","IDGlycoSPQC_03_%Total","IDGlycoSPQC_04_%Total","IDGlycoSPQC_05_%Total","SPQC_01_%Total","SPQC_02_%Total","SPQC_03_%Total"
"MS/MS Scans","14390","14359","14367","18227","18865","16575","14456","14378","14385","100","100","100","100","100","100","100","100","100"
"MS/MS Scans with OxoIons","13943","13889","13941","16664","17270","15304","14135","14153","14174","96.89367616400278","96.72679155930079","97.03487158070578","91.42480934876832","91.54518950437318","92.33182503770739","97.77946873270614","98.43510919460286","98.53319429961765"
"Likely Glyco","12847","12842","12939","12091","12653","12032","13138","13129","13160","89.27727588603197","89.43519743714742","90.06055543954896","66.33565589510067","67.07129605088788","72.59125188536953","90.88267847260653","91.31311726248435","91.48418491484185"
"OxoCount_1","126","108","128","352","352","300","32","40","37","0.8756080611535788","0.7521415140330107","0.890930604858356","1.931200965600483","1.8658892128279883","1.809954751131222","0.22136137244050913","0.2782028098483795","0.25721237400069513"
"OxoCount_2","79","71","71","469","499","259","34","32","20","0.5489923558026407","0.49446340274392364","0.49418806988236935","2.5731058320074616","2.6451099920487673","1.5625942684766212","0.23519645821804097","0.22256224787870357","0.13903371567605144"
"OxoCount_3","68","60","68","511","479","263","27","30","25","0.472550382209868","0.4178563966850059","0.4733068838310016","2.803533219948428","2.5390935595017226","1.5867269984917043","0.18677365799667958","0.2086521073862846","0.1737921445950643"
"OxoCount_4","67","45","52","573","646","440","38","34","32","0.46560111188325226","0.3133922975137544","0.36194055822370713","3.1436879354803313","3.4243307712695468","2.654600301659125","0.2628666297731046","0.23647238837112253","0.22245394508168229"
"OxoCount_5+","13603","13605","13622","14759","15294","14042","14004","14017","14060","94.53092425295344","94.74893794832509","94.81450546391035","80.97328139573162","81.07076596872515","84.71794871794872","96.8732706142778","97.48921964111837","97.74070212026416"
"84.0444, HexNAc - C2H8O4","0","0","0","0","0","0","0","0","0","0","0","0","0","0","0","0","0","0"
"126.055, HexNAc - C2H6O3","13663","13649","13694","14163","14611","13664","14027","14035","14089","94.94788047255038","95.05536597256076","95.31565392914317","77.7034070335217","77.45030479724358","82.43740573152338","97.03237410071942","97.61441090555014","97.94230100799443"
"138.055, HexNAc - CH6O3","13821","13784","13830","16560","17176","15249","14108","14124","14146","96.04586518415566","95.99554286510202","96.26226769680518","90.85422724529543","91.04691227140206","92","97.59269507470947","98.23341215746278","98.33854709767118"
"144.0655, HexNAc - C2H4O2","13067","13031","13114","11467","12132","11651","13733","13727","13749","90.80611535788742","90.7514450867052","91.27862462587875","62.912163274263456","64.30956798303737","70.29260935143287","94.99861649142225","95.47224926971762","95.57872784150156"
"168.0655, HexNAc - 2H2O","13661","13663","13681","15448","16044","14534","14040","14041","14078","94.93398193189715","95.15286579845393","95.22516878958724","84.75338783123937","85.04638218923934","87.68627450980392","97.12230215827337","97.6561413270274","97.86583246437262"
"186.0761, HexNAc - H2O","13474","13504","13541","13757","14238","13401","13965","13979","14009","93.63446838082001","94.04554634723866","94.25071344052343","75.4759422834257","75.47309833024119","80.85067873303167","96.60348644161594","97.22492697176241","97.38616614529023"
"204.0867, HexNAc","13759","13730","13767","16181","16788","14914","14080","14091","14120","95.61501042390549","95.61947210808552","95.82376278972646","88.77489438744719","88.9901934799894","89.9788838612368","97.39900387382401","98.00389483933787","98.15780326729232"
"85.0284, Hex - C2H6O3","0","0","0","0","0","0","0","0","0","0","0","0","0","0","0","0","0","0"
"97.0284, Hex - CH6O3","0","0","0","0","0","0","0","0","0","0","0","0","0","0","0","0","0","0"
"127.0390, Hex - 2H2O","10007","9825","9826","8609","9182","8944","11930","11779","11817","69.54134815844336","68.42398495716971","68.39284471357973","47.23212816151863","48.67214418234826","53.96078431372548","82.52628666297731","81.92377243010155","82.14807090719499"
"145.0495, Hex - H2O","7388","7107","7048","6455","7115","6482","9706","9471","9828","51.34120917303683","49.49509018733895","49.05686643001322","35.41449497997476","37.71534587861118","39.10708898944193","67.14167127836193","65.87147030185004","68.32116788321167"
"163.0601, Hex","6015","5716","5758","5970","6614","5997","8188","8042","8513","41.79986101459347","39.80778605752489","40.0779564279251","32.75360728589455","35.05963424330771","36.18099547511312","56.64084117321527","55.93267492001669","59.1797010775113"
"Sialic: 274.0921, NeuAc-H2O","13479","13482","13545","14280","14920","13512","13899","13906","13947","93.66921473245309","93.89233233512083","94.27855502192524","78.34531189992869","79.08825868009541","81.52036199095024","96.14692861095739","96.71720684378913","96.95516162669448"
"Sialic: 292.1027, NeuAc","13207","13159","13252","12109","12784","12027","13635","13641","13658","91.77901320361363","91.64287206629989","92.23915918424167","66.43441048993252","67.76570368407103","72.56108597285068","94.32069728832319","94.8741132285436","94.94612443517553"
"Sialic: 316.103, NeuAc[Ac] - H2O","32","28","19","26","25","24","26","29","33","0.22237665045170257","0.1949996517863361","0.13224751165866222","0.14264552586821747","0.13252054068380598","0.14479638009049772","0.1798561151079137","0.2016970371400751","0.22940563086548488"
"Sialic: 334.113, NeuAc[Ac]","14","10","7","8","3","7","8","10","13","0.09728978457261987","0.06964273278083431","0.04872276745319134","0.043890931036374606","0.01590246488205672","0.04223227752639517","0.05534034311012728","0.06955070246209487","0.09037191518943344"
"Sialic: 290.0870, NeuGc - H2O","244","256","280","300","320","347","195","211","252","1.695621959694232","1.7828539591893586","1.9489106981276534","1.6459099138640478","1.6962629207527165","2.0935143288084466","1.3489208633093526","1.4675198219502017","1.7518248175182483"
"Sialic: 308.0976, NeuGc","79","76","73","45","57","50","90","88","102","0.5489923558026407","0.5292847691343409","0.5081088605832811","0.2468864870796072","0.3021468327590776","0.301659125188537","0.6225788599889319","0.6120461816664348","0.7090719499478624"
"Sialic: 332.098, NeuGc[Ac] - H2O","10","8","8","73","25","32","20","16","23","0.06949270326615706","0.05571418622466746","0.05568316280364725","0.4005047457069183","0.13252054068380598","0.19306184012066366","0.1383508577753182","0.11128112393935179","0.15988877302745916"
"Sialic: 350.1081, NeuGc[Ac]","3","2","1","10","12","9","2","2","3","0.020847810979847115","0.013928546556166864","0.006960395350455906","0.05486366379546826","0.06360985952822688","0.05429864253393665","0.01383508577753182","0.013910140492418973","0.020855057351407715"
"M6P: 243.0264, Man-P","81","98","79","81","76","53","101","86","97","0.5628908964558721","0.6824987812521763","0.5498712326860166","0.44439567674329294","0.4028624436787702","0.3197586726998492","0.698671831765357","0.5981360411740159","0.6743135210288494"
"M6P: 405.0798, Man2-P","36","35","36","20","17","12","38","24","29","0.25017373175816543","0.24374956473292012","0.2505742326164126","0.10972732759093652","0.09011396766498807","0.07239819004524886","0.2628666297731046","0.16692168590902767","0.2015988877302746"
"Oligo: 325.1129, Hex2","947","892","842","658","720","630","987","991","1172","6.580958999305072","6.2121317640504214","5.860652885083873","3.6100290777418116","3.8165915716936123","3.8009049773755654","6.827614831211953","6.892474613993602","8.147375738616615"
"Oligo: 366.1395, HexNAc-Hex","13602","13593","13610","15222","15789","14308","14008","14005","14037","94.52397498262683","94.6653666689881","94.73098071970489","83.51346902946179","83.69467267426451","86.32277526395174","96.90094078583287","97.40575879816387","97.5808133472367"
"Oligo: 407.1660, HexNAc2","1166","1071","1084","633","629","481","1274","1289","1623","8.102849200833912","7.458736680827356","7.545068559894203","3.472869918253141","3.334216803604559","2.9019607843137254","8.81294964028777","8.965085547364028","11.282586027111574"
"Oligo: 454.1555, Hex-NeuAc","9609","9462","9385","6954","7121","6557","9877","9788","10011","66.77553856845032","65.89595375722543","65.32331036402867","38.15219180336863","37.747150808375295","39.55957767722474","68.32457111234089","68.07622756989845","69.59332638164754"
"Oligo: 470.1503, Hex-NeuGc","35","31","28","10","14","8","27","32","44","0.2432244614315497","0.21589247162058636","0.19489106981276536","0.05486366379546826","0.07421150278293136","0.048265460030165915","0.18677365799667958","0.22256224787870357","0.3058741744873132"
"Oligo: 495.1821, HexNAc-NeuAc","2464","2258","2313","1475","1441","1121","3066","2979","3507","17.123002084781096","15.725329061912388","16.09939444560451","8.092390409831568","7.638483965014577","6.763197586726999","21.20918649695628","20.719154263458062","24.379562043795623"
"Oligo: 511.1769, HexNAc-NeuGc","358","360","318","1","1","2","206","202","195","2.4878387769284225","2.5071383801100353","2.213405721444978","0.005486366379546826","0.005300821627352239","0.012066365007541479","1.4250138350857775","1.4049241897343163","1.3555787278415017"
"Oligo: 528.1923, HexNAc-Hex2","12134","12094","12081","9689","10250","9928","12664","12606","12601","84.32244614315498","84.22592102514102","84.0885362288578","53.157403851429194","54.33342168036046","59.897435897435905","87.60376314333149","87.67561552371679","87.59819256169621"
"Oligo: 537.1927, HexNAc-NeuAc[Ac]","93","111","80","5","2","8","35","29","38","0.6462821403752605","0.773034333867261","0.5568316280364725","0.02743183189773413","0.010601643254704479","0.048265460030165915","0.24211400110680686","0.2016970371400751","0.26416405978449775"
"Oligo: 553.1875, HexNAc-NeuGc[Ac]","8","6","5","2","1","2","8","5","8","0.05559416261292564","0.04178563966850059","0.03480197675227953","0.010972732759093651","0.005300821627352239","0.012066365007541479","0.05534034311012728","0.034775351231047434","0.05561348627042057"
"Oligo: 569.2188, HexNAc2-Hex","4490","4356","4282","2699","2695","2242","3762","3646","4246","31.202223766504517","30.33637439933143","29.804412890652188","14.807702858396885","14.285714285714285","13.526395173453999","26.023796347537353","25.358186117679786","29.51685783802572"
"Oligo: 657.2349, HexNAc-Hex-NeuAc","13000","12940","13023","11482","12065","11422","13247","13252","13287","90.34051424600416","90.11769621839962","90.64522864898727","62.994458769956665","63.954412934004765","68.91101055806939","91.63669064748201","92.16859090276812","92.36704900938477"
"Oligo: 673.2297, HexNAc-Hex-NeuGc","102","87","93","62","74","69","89","91","100","0.708825573314802","0.6058917751932587","0.6473167675923992","0.34015471553190324","0.39226080042406575","0.416289592760181","0.615661317100166","0.6329113924050633","0.6951685783802573"
"Oligo: 690.2451, HexNAc-Hex3","6706","6582","6491","5543","5856","5295","7930","7943","8389","46.60180681028492","45.83884671634515","45.17992621980929","30.410928841828056","31.041611449774713","31.94570135746606","54.85611510791367","55.24412296564195","58.31769204031978"
"Oligo: 731.2717, HexNAc2-Hex2 (diLacNAc)","7793","7566","7535","4945","5094","4466","7138","7190","7716","54.15566365531619","52.691691621979245","52.446578965685255","27.13008174685905","27.002385369732306","26.94419306184012","49.377421140011066","50.00695507024621","53.63920750782065"
"Oligo: 819.2877, HexNAc-Hex2-NeuAc","6535","6354","6316","3776","3773","3224","6343","6351","6777","45.41348158443363","44.250992408942125","43.961857033479504","20.716519449168818","20","19.450980392156865","43.87797454344217","44.17165113367645","47.111574556830035"
"Oligo: 835.2825, HexNAc-Hex2-NeuGc","11","13","13","2","1","2","8","14","22","0.07644197359277276","0.09053555261508461","0.09048513955592678","0.010972732759093651","0.005300821627352239","0.012066365007541479","0.05534034311012728","0.09737098344693282","0.1529370872436566"
"Oligo: 860.3143, HexNAc2-Hex-NeuAc","39","49","41","8","10","16","25","20","26","0.2710215427380125","0.34124939062608817","0.2853762093686921","0.043890931036374606","0.05300821627352239","0.09653092006033183","0.17293857221914777","0.13910140492418974","0.18074383037886688"
"Oligo: 876.3091, HexNAc2-Hex-NeuGc","8","3","6","0","1","0","8","6","9","0.05559416261292564","0.020892819834250294","0.04176237210273544","0","0.005300821627352239","0","0.05534034311012728","0.04173042147725692","0.06256517205422316"
"Oligo: 893.3245, HexNAc2-Hex3","6512","6374","6326","4797","4826","4369","6812","6840","7360","45.253648366921475","44.390277874503795","44.03146098698406","26.318099522686122","25.581765173601905","26.358974358974358","47.122302158273385","47.57268048407289","51.16440736878693"
"Oligo: 948.3303, HexNAc-Hex-NeuAc2","530","486","479","233","222","177","579","554","614","3.683113273106324","3.3846368131485476","3.3340293728683785","1.2783233664344105","1.1767824012721972","1.0678733031674208","4.005257332595462","3.853108916400055","4.268335071254779"
"Oligo: 964.3251, HexNAc-Hex-NeuGc2","5","3","4","4","7","3","4","5","6","0.03474635163307853","0.020892819834250294","0.027841581401823624","0.021945465518187303","0.03710575139146568","0.018099547511312215","0.02767017155506364","0.034775351231047434","0.04171011470281543"
"Oligo: 1022.3671, HexNAc2-Hex2-NeuAc1","594","578","554","211","185","170","374","362","434","4.127866574009729","4.025349954732223","3.856059024152572","1.1576233060843804","0.9806520010601644","1.0256410256410255","2.5871610403984504","2.517735429127834","3.017031630170316"
"Oligo: 1038.3619, HexNAc2-Hex2-NeuGc1","6","4","3","1","0","5","9","10","19","0.04169562195969423","0.02785709311233373","0.02088118605136772","0.005486366379546826","0","0.030165912518853696","0.06225788599889319","0.06955070246209487","0.13208202989224888"
"Oligo: 1313.4625, HexNAc2-Hex2-NeuAc2","15","10","11","3","3","0","12","11","6","0.10423905489923557","0.06964273278083431","0.07656434885501497","0.01645909913864048","0.01590246488205672","0","0.08301051466519092","0.07650577270830435","0.04171011470281543"
"Oligo: 1329.4573, HexNAc2-Hex2-NeuGc2","4","2","1","1","1","0","8","0","5","0.02779708130646282","0.013928546556166864","0.006960395350455906","0.005486366379546826","0.005300821627352239","0","0.05534034311012728","0","0.03475842891901286"
"Fucose: 350.1446, HexNAc-dHex","1063","939","974","444","480","389","1108","1041","1182","7.387074357192495","6.539452608120342","6.779425071344053","2.435946672518791","2.544394381129075","2.346907993966817","7.664637520752629","7.240228126304076","8.21689259645464"
"Fucose: 512.1974, HexNAc-Hex-dHex (LeX/A)","5540","5258","5359","2234","2287","2048","4544","4413","4856","38.498957609451004","36.61814889616268","37.3007586830932","12.25654249190761","12.122979061754572","12.355957767722474","31.4333148865523","30.692724996522465","33.757386166145295"
"Fucose: 674.2502, HexNAc-Hex2-dHex","355","309","309","155","144","139","266","293","297","2.4669909659485754","2.1519604429277805","2.150762163290875","0.8503867888297582","0.7633183143387224","0.8386123680241327","1.8400664084117322","2.0378355821393797","2.064650677789364"
"Fucose: 803.2928, HexNAc-Hex-dHex-NeuAc (sLeX/A)","3158","2994","3036","658","719","614","2032","2025","2217","21.945795691452396","20.851034194581796","21.13176028398413","3.6100290777418116","3.8112907500662603","3.7043740573152335","14.056447149972328","14.08401724857421","15.411887382690303"
"Fucose: 819.2908, HexNAc-Hex-dHex-NeuGc","6522","6343","6307","3773","3772","3221","6339","6354","6763","45.32314107018763","44.17438540288321","43.899213475325396","20.700060350030174","19.99469917837265","19.43288084464555","43.850304371887106","44.192516344415075","47.014250955856795"
"Fucose: 877.3296, HexNAc2-Hex2-dHex (diLacNAc-Fuc)","176","159","177","94","90","101","158","145","170","1.2230715774843641","1.1073194512152658","1.2319899770306955","0.5157184396774017","0.47707394646170154","0.6093514328808446","1.092971776425014","1.0084851857003756","1.1817865832464372"
